year,cert,namefull,branname,address,city,stalp,zipbr,depsumbr,bkclass,bkmo,uninumbr
2024,10001,JPMorgan Chase Bank N.A.,JPMorgan Chase Bank N.A. Main,8480 Main St,Omaha,NE,96816,44951441,N,Y,100001
2024,10001,JPMorgan Chase Bank N.A.,JPMorgan Chase Bank N.A. - Houston Full Service,4731 Main St,Houston,TX,49121,101189572,N,N,100002
2024,10001,JPMorgan Chase Bank N.A.,JPMorgan Chase Bank N.A. - Omaha Full Service,5609 Main St,Omaha,NE,46239,84101994,N,N,100003
2024,10001,JPMorgan Chase Bank N.A.,JPMorgan Chase Bank N.A. - Omaha Limited Service,4378 Main St,Omaha,NE,95998,123286275,N,N,100004
2024,10001,JPMorgan Chase Bank N.A.,JPMorgan Chase Bank N.A. - Omaha Full Service,2556 Main St,Omaha,NE,77802,65224842,N,N,100005
2024,10001,JPMorgan Chase Bank N.A.,JPMorgan Chase Bank N.A. - Cleveland Full Service,9930 Main St,Cleveland,OH,62965,117501622,N,N,100006
2024,10001,JPMorgan Chase Bank N.A.,JPMorgan Chase Bank N.A. - Omaha Limited Service,517 Main St,Omaha,NE,95904,104637309,N,N,100007
2024,10001,JPMorgan Chase Bank N.A.,JPMorgan Chase Bank N.A. - Houston Limited Service,6957 Main St,Houston,TX,63031,61163039,N,N,100008
2024,10001,JPMorgan Chase Bank N.A.,JPMorgan Chase Bank N.A. - Houston Full Service,9472 Main St,Houston,TX,34892,38038856,N,N,100009
2024,10001,JPMorgan Chase Bank N.A.,JPMorgan Chase Bank N.A. - Houston Full Service,8859 Main St,Houston,TX,93665,108002489,N,N,100010
2024,10001,JPMorgan Chase Bank N.A.,JPMorgan Chase Bank N.A. - Houston Full Service,5018 Main St,Houston,TX,32280,71385521,N,N,100011
2024,10001,JPMorgan Chase Bank N.A.,JPMorgan Chase Bank N.A. - Omaha Full Service,1699 Main St,Omaha,NE,71706,53084756,N,N,100012
2024,10001,JPMorgan Chase Bank N.A.,JPMorgan Chase Bank N.A. - Cleveland Full Service,9259 Main St,Cleveland,OH,33995,61083131,N,N,100013
2024,10001,JPMorgan Chase Bank N.A.,JPMorgan Chase Bank N.A. - Omaha Limited Service,3741 Main St,Omaha,NE,56567,101921404,N,N,100014
2024,10001,JPMorgan Chase Bank N.A.,JPMorgan Chase Bank N.A. - Cleveland Full Service,6989 Main St,Cleveland,OH,53426,124311985,N,N,100015
2024,10001,JPMorgan Chase Bank N.A.,JPMorgan Chase Bank N.A. - Houston Limited Service,7698 Main St,Houston,TX,25437,94815777,N,N,100016
2024,10001,JPMorgan Chase Bank N.A.,JPMorgan Chase Bank N.A. - Houston Full Service,9661 Main St,Houston,TX,86062,123792057,N,N,100017
2024,10001,JPMorgan Chase Bank N.A.,JPMorgan Chase Bank N.A. - Omaha Full Service,3287 Main St,Omaha,NE,75598,83119817,N,N,100018
2024,10001,JPMorgan Chase Bank N.A.,JPMorgan Chase Bank N.A. - Cleveland Full Service,4988 Main St,Cleveland,OH,64146,73776499,N,N,100019
2024,10001,JPMorgan Chase Bank N.A.,JPMorgan Chase Bank N.A. - Cleveland Full Service,3381 Main St,Cleveland,OH,54914,48568350,N,N,100020
2024,10001,JPMorgan Chase Bank N.A.,JPMorgan Chase Bank N.A. - Houston Full Service,7596 Main St,Houston,TX,28772,126521443,N,N,100021
2024,10001,JPMorgan Chase Bank N.A.,JPMorgan Chase Bank N.A. - Houston Full Service,1424 Main St,Houston,TX,73908,53004367,N,N,100022
2024,10001,JPMorgan Chase Bank N.A.,JPMorgan Chase Bank N.A. - Houston Full Service,5234 Main St,Houston,TX,93165,136199569,N,N,100023
2024,10001,JPMorgan Chase Bank N.A.,JPMorgan Chase Bank N.A. - Cleveland Full Service,3530 Main St,Cleveland,OH,32099,81038971,N,N,100024
2024,10001,JPMorgan Chase Bank N.A.,JPMorgan Chase Bank N.A. - Omaha Full Service,1542 Main St,Omaha,NE,26961,84910816,N,N,100025
2024,10001,JPMorgan Chase Bank N.A.,JPMorgan Chase Bank N.A. - Omaha Limited Service,6709 Main St,Omaha,NE,66233,99760007,N,N,100026
2024,10001,JPMorgan Chase Bank N.A.,JPMorgan Chase Bank N.A. - Houston Limited Service,8845 Main St,Houston,TX,36137,34876294,N,N,100027
2024,10001,JPMorgan Chase Bank N.A.,JPMorgan Chase Bank N.A. - Omaha Limited Service,5379 Main St,Omaha,NE,79603,132425966,N,N,100028
2024,10001,JPMorgan Chase Bank N.A.,JPMorgan Chase Bank N.A. - Cleveland Full Service,4176 Main St,Cleveland,OH,39657,104223789,N,N,100029
2024,10001,JPMorgan Chase Bank N.A.,JPMorgan Chase Bank N.A. - Omaha Limited Service,1782 Main St,Omaha,NE,60272,66597302,N,N,100030
2024,10002,Bank of America N.A.,Bank of America N.A. Main,4864 Main St,Charlotte,NC,69759,50247527,N,Y,100031
2024,10002,Bank of America N.A.,Bank of America N.A. - San Francisco Full Service,5635 Main St,San Francisco,CA,66841,73970953,N,N,100032
2024,10002,Bank of America N.A.,Bank of America N.A. - San Francisco Full Service,8131 Main St,San Francisco,CA,57087,53790560,N,N,100033
2024,10002,Bank of America N.A.,Bank of America N.A. - Charlotte Full Service,6709 Main St,Charlotte,NC,12506,101954776,N,N,100034
2024,10002,Bank of America N.A.,Bank of America N.A. - Charlotte Full Service,2249 Main St,Charlotte,NC,37681,84377843,N,N,100035
2024,10002,Bank of America N.A.,Bank of America N.A. - San Francisco Full Service,2868 Main St,San Francisco,CA,26143,73439697,N,N,100036
2024,10002,Bank of America N.A.,Bank of America N.A. - Atlanta Full Service,712 Main St,Atlanta,GA,59177,78280974,N,N,100037
2024,10002,Bank of America N.A.,Bank of America N.A. - San Francisco Limited Service,896 Main St,San Francisco,CA,87846,87885093,N,N,100038
2024,10002,Bank of America N.A.,Bank of America N.A. - Charlotte Full Service,423 Main St,Charlotte,NC,16322,35123292,N,N,100039
2024,10002,Bank of America N.A.,Bank of America N.A. - San Francisco Full Service,6330 Main St,San Francisco,CA,26199,59681699,N,N,100040
2024,10002,Bank of America N.A.,Bank of America N.A. - San Francisco Limited Service,2608 Main St,San Francisco,CA,36934,64266241,N,N,100041
2024,10002,Bank of America N.A.,Bank of America N.A. - San Francisco Full Service,5033 Main St,San Francisco,CA,65164,76671470,N,N,100042
2024,10002,Bank of America N.A.,Bank of America N.A. - San Francisco Full Service,4523 Main St,San Francisco,CA,91631,79231174,N,N,100043
2024,10002,Bank of America N.A.,Bank of America N.A. - San Francisco Full Service,1818 Main St,San Francisco,CA,77054,37434633,N,N,100044
2024,10002,Bank of America N.A.,Bank of America N.A. - San Francisco Full Service,1967 Main St,San Francisco,CA,23928,35888787,N,N,100045
2024,10002,Bank of America N.A.,Bank of America N.A. - Atlanta Full Service,4408 Main St,Atlanta,GA,78569,74975997,N,N,100046
2024,10002,Bank of America N.A.,Bank of America N.A. - Charlotte Limited Service,4939 Main St,Charlotte,NC,31020,82489623,N,N,100047
2024,10002,Bank of America N.A.,Bank of America N.A. - Charlotte Full Service,3502 Main St,Charlotte,NC,73001,66013338,N,N,100048
2024,10002,Bank of America N.A.,Bank of America N.A. - Atlanta Full Service,1558 Main St,Atlanta,GA,24474,26739195,N,N,100049
2024,10002,Bank of America N.A.,Bank of America N.A. - San Francisco Full Service,1575 Main St,San Francisco,CA,77070,65834265,N,N,100050
2024,10002,Bank of America N.A.,Bank of America N.A. - Charlotte Full Service,4292 Main St,Charlotte,NC,94454,84092003,N,N,100051
2024,10002,Bank of America N.A.,Bank of America N.A. - Charlotte Limited Service,4950 Main St,Charlotte,NC,44619,105183611,N,N,100052
2024,10002,Bank of America N.A.,Bank of America N.A. - Atlanta Full Service,2962 Main St,Atlanta,GA,15170,34462550,N,N,100053
2024,10002,Bank of America N.A.,Bank of America N.A. - Atlanta Limited Service,5223 Main St,Atlanta,GA,65836,90299578,N,N,100054
2024,10002,Bank of America N.A.,Bank of America N.A. - San Francisco Full Service,851 Main St,San Francisco,CA,11267,34079811,N,N,100055
2024,10002,Bank of America N.A.,Bank of America N.A. - Charlotte Full Service,5484 Main St,Charlotte,NC,56861,78015090,N,N,100056
2024,10002,Bank of America N.A.,Bank of America N.A. - Atlanta Full Service,1622 Main St,Atlanta,GA,58840,47869130,N,N,100057
2024,10002,Bank of America N.A.,Bank of America N.A. - Atlanta Full Service,6657 Main St,Atlanta,GA,69839,35578283,N,N,100058
2024,10002,Bank of America N.A.,Bank of America N.A. - Atlanta Limited Service,7935 Main St,Atlanta,GA,65278,81412778,N,N,100059
2024,10002,Bank of America N.A.,Bank of America N.A. - San Francisco Full Service,1060 Main St,San Francisco,CA,30892,35516586,N,N,100060
2024,10003,Wells Fargo Bank N.A.,Wells Fargo Bank N.A. Main,6321 Main St,Charlotte,NC,57002,24045662,N,Y,100061
2024,10003,Wells Fargo Bank N.A.,Wells Fargo Bank N.A. - Sioux Falls Full Service,2240 Main St,Sioux Falls,SD,73318,56693653,N,N,100062
2024,10003,Wells Fargo Bank N.A.,Wells Fargo Bank N.A. - Charlotte Full Service,7320 Main St,Charlotte,NC,16025,57050823,N,N,100063
2024,10003,Wells Fargo Bank N.A.,Wells Fargo Bank N.A. - Sioux Falls Limited Service,302 Main St,Sioux Falls,SD,98857,46181066,N,N,100064
2024,10003,Wells Fargo Bank N.A.,Wells Fargo Bank N.A. - Sioux Falls Full Service,8604 Main St,Sioux Falls,SD,78564,56375594,N,N,100065
2024,10003,Wells Fargo Bank N.A.,Wells Fargo Bank N.A. - Sioux Falls Limited Service,4172 Main St,Sioux Falls,SD,73167,46495995,N,N,100066
2024,10003,Wells Fargo Bank N.A.,Wells Fargo Bank N.A. - Charlotte Full Service,6405 Main St,Charlotte,NC,29484,47177389,N,N,100067
2024,10003,Wells Fargo Bank N.A.,Wells Fargo Bank N.A. - Sioux Falls Full Service,2671 Main St,Sioux Falls,SD,76265,45640202,N,N,100068
2024,10003,Wells Fargo Bank N.A.,Wells Fargo Bank N.A. - Charlotte Limited Service,1326 Main St,Charlotte,NC,74441,56201398,N,N,100069
2024,10003,Wells Fargo Bank N.A.,Wells Fargo Bank N.A. - Charlotte Full Service,4657 Main St,Charlotte,NC,16599,31037692,N,N,100070
2024,10003,Wells Fargo Bank N.A.,Wells Fargo Bank N.A. - Sioux Falls Full Service,6707 Main St,Sioux Falls,SD,40801,45636399,N,N,100071
2024,10003,Wells Fargo Bank N.A.,Wells Fargo Bank N.A. - Sioux Falls Limited Service,9488 Main St,Sioux Falls,SD,68733,36331634,N,N,100072
2024,10003,Wells Fargo Bank N.A.,Wells Fargo Bank N.A. - Sioux Falls Limited Service,2044 Main St,Sioux Falls,SD,75191,36466173,N,N,100073
2024,10003,Wells Fargo Bank N.A.,Wells Fargo Bank N.A. - Sioux Falls Full Service,687 Main St,Sioux Falls,SD,83024,34427526,N,N,100074
2024,10003,Wells Fargo Bank N.A.,Wells Fargo Bank N.A. - Sioux Falls Full Service,5090 Main St,Sioux Falls,SD,76628,52573836,N,N,100075
2024,10003,Wells Fargo Bank N.A.,Wells Fargo Bank N.A. - Sioux Falls Full Service,5684 Main St,Sioux Falls,SD,57624,46952106,N,N,100076
2024,10003,Wells Fargo Bank N.A.,Wells Fargo Bank N.A. - Sioux Falls Full Service,5539 Main St,Sioux Falls,SD,83420,55028623,N,N,100077
2024,10003,Wells Fargo Bank N.A.,Wells Fargo Bank N.A. - Charlotte Full Service,7514 Main St,Charlotte,NC,24945,46283569,N,N,100078
2024,10003,Wells Fargo Bank N.A.,Wells Fargo Bank N.A. - Sioux Falls Full Service,5692 Main St,Sioux Falls,SD,56548,25937496,N,N,100079
2024,10003,Wells Fargo Bank N.A.,Wells Fargo Bank N.A. - Charlotte Full Service,1841 Main St,Charlotte,NC,16000,39966852,N,N,100080
2024,10003,Wells Fargo Bank N.A.,Wells Fargo Bank N.A. - Sioux Falls Limited Service,6804 Main St,Sioux Falls,SD,24019,22138651,N,N,100081
2024,10003,Wells Fargo Bank N.A.,Wells Fargo Bank N.A. - Charlotte Full Service,2078 Main St,Charlotte,NC,61497,24730729,N,N,100082
2024,10003,Wells Fargo Bank N.A.,Wells Fargo Bank N.A. - Sioux Falls Limited Service,3222 Main St,Sioux Falls,SD,54293,54105134,N,N,100083
2024,10003,Wells Fargo Bank N.A.,Wells Fargo Bank N.A. - Sioux Falls Limited Service,9747 Main St,Sioux Falls,SD,26150,17748661,N,N,100084
2024,10003,Wells Fargo Bank N.A.,Wells Fargo Bank N.A. - Charlotte Limited Service,8360 Main St,Charlotte,NC,27647,46343823,N,N,100085
2024,10003,Wells Fargo Bank N.A.,Wells Fargo Bank N.A. - Charlotte Full Service,895 Main St,Charlotte,NC,82512,40358394,N,N,100086
2024,10003,Wells Fargo Bank N.A.,Wells Fargo Bank N.A. - Charlotte Full Service,8428 Main St,Charlotte,NC,33226,38141999,N,N,100087
2024,10003,Wells Fargo Bank N.A.,Wells Fargo Bank N.A. - Sioux Falls Full Service,1796 Main St,Sioux Falls,SD,60778,53670102,N,N,100088
2024,10003,Wells Fargo Bank N.A.,Wells Fargo Bank N.A. - Charlotte Full Service,6959 Main St,Charlotte,NC,89822,56760956,N,N,100089
2024,10003,Wells Fargo Bank N.A.,Wells Fargo Bank N.A. - Sioux Falls Limited Service,5717 Main St,Sioux Falls,SD,48557,34167270,N,N,100090
2024,10004,Citibank N.A.,Citibank N.A. Main,8493 Main St,Sioux Falls,SD,49179,36594903,N,Y,100091
2024,10004,Citibank N.A.,Citibank N.A. - Sioux Falls Full Service,9169 Main St,Sioux Falls,SD,92913,52490579,N,N,100092
2024,10004,Citibank N.A.,Citibank N.A. - Sioux Falls Full Service,4860 Main St,Sioux Falls,SD,99995,26636217,N,N,100093
2024,10004,Citibank N.A.,Citibank N.A. - Sioux Falls Full Service,3013 Main St,Sioux Falls,SD,76046,22857384,N,N,100094
2024,10004,Citibank N.A.,Citibank N.A. - Sioux Falls Full Service,5871 Main St,Sioux Falls,SD,83699,22010470,N,N,100095
2024,10004,Citibank N.A.,Citibank N.A. - Sioux Falls Full Service,6939 Main St,Sioux Falls,SD,98374,44339486,N,N,100096
2024,10004,Citibank N.A.,Citibank N.A. - Sioux Falls Limited Service,8664 Main St,Sioux Falls,SD,23955,55996948,N,N,100097
2024,10004,Citibank N.A.,Citibank N.A. - Sioux Falls Limited Service,1027 Main St,Sioux Falls,SD,36201,23478107,N,N,100098
2024,10004,Citibank N.A.,Citibank N.A. - Sioux Falls Full Service,4205 Main St,Sioux Falls,SD,29192,64591801,N,N,100099
2024,10004,Citibank N.A.,Citibank N.A. - Sioux Falls Full Service,3442 Main St,Sioux Falls,SD,80932,54822338,N,N,100100
2024,10004,Citibank N.A.,Citibank N.A. - Sioux Falls Limited Service,1779 Main St,Sioux Falls,SD,90754,56277583,N,N,100101
2024,10004,Citibank N.A.,Citibank N.A. - Sioux Falls Full Service,6471 Main St,Sioux Falls,SD,41142,48090864,N,N,100102
2024,10004,Citibank N.A.,Citibank N.A. - Sioux Falls Full Service,6351 Main St,Sioux Falls,SD,60797,48943059,N,N,100103
2024,10004,Citibank N.A.,Citibank N.A. - Sioux Falls Full Service,9146 Main St,Sioux Falls,SD,17051,31685451,N,N,100104
2024,10004,Citibank N.A.,Citibank N.A. - Sioux Falls Full Service,7359 Main St,Sioux Falls,SD,39563,28678077,N,N,100105
2024,10004,Citibank N.A.,Citibank N.A. - Sioux Falls Full Service,9985 Main St,Sioux Falls,SD,35751,43161163,N,N,100106
2024,10004,Citibank N.A.,Citibank N.A. - Sioux Falls Limited Service,1320 Main St,Sioux Falls,SD,34507,38364097,N,N,100107
2024,10004,Citibank N.A.,Citibank N.A. - Sioux Falls Full Service,6280 Main St,Sioux Falls,SD,15326,41553890,N,N,100108
2024,10004,Citibank N.A.,Citibank N.A. - Sioux Falls Limited Service,2231 Main St,Sioux Falls,SD,31093,43650850,N,N,100109
2024,10004,Citibank N.A.,Citibank N.A. - Sioux Falls Full Service,2636 Main St,Sioux Falls,SD,15235,32563871,N,N,100110
2024,10004,Citibank N.A.,Citibank N.A. - Sioux Falls Limited Service,5034 Main St,Sioux Falls,SD,74297,45626653,N,N,100111
2024,10004,Citibank N.A.,Citibank N.A. - Sioux Falls Full Service,5307 Main St,Sioux Falls,SD,78864,54806350,N,N,100112
2024,10004,Citibank N.A.,Citibank N.A. - Sioux Falls Full Service,8376 Main St,Sioux Falls,SD,30889,41885438,N,N,100113
2024,10004,Citibank N.A.,Citibank N.A. - Sioux Falls Full Service,1606 Main St,Sioux Falls,SD,55796,42691308,N,N,100114
2024,10004,Citibank N.A.,Citibank N.A. - Sioux Falls Full Service,5524 Main St,Sioux Falls,SD,57290,48886206,N,N,100115
2024,10004,Citibank N.A.,Citibank N.A. - Sioux Falls Full Service,8791 Main St,Sioux Falls,SD,72240,62962170,N,N,100116
2024,10004,Citibank N.A.,Citibank N.A. - Sioux Falls Full Service,7401 Main St,Sioux Falls,SD,41502,49161080,N,N,100117
2024,10004,Citibank N.A.,Citibank N.A. - Sioux Falls Full Service,5358 Main St,Sioux Falls,SD,59987,49828787,N,N,100118
2024,10004,Citibank N.A.,Citibank N.A. - Sioux Falls Limited Service,4733 Main St,Sioux Falls,SD,13238,28935559,N,N,100119
2024,10004,Citibank N.A.,Citibank N.A. - Sioux Falls Full Service,7400 Main St,Sioux Falls,SD,73806,55727762,N,N,100120
2024,10005,U.S. Bank N.A.,U.S. Bank N.A. Main,3254 Main St,Cleveland,OH,51984,31384422,N,Y,100121
2024,10005,U.S. Bank N.A.,U.S. Bank N.A. - Cleveland Full Service,8914 Main St,Cleveland,OH,79888,12759721,N,N,100122
2024,10005,U.S. Bank N.A.,U.S. Bank N.A. - Cleveland Full Service,3592 Main St,Cleveland,OH,99837,10162485,N,N,100123
2024,10005,U.S. Bank N.A.,U.S. Bank N.A. - Cleveland Full Service,7230 Main St,Cleveland,OH,94746,13732758,N,N,100124
2024,10005,U.S. Bank N.A.,U.S. Bank N.A. - Cleveland Full Service,489 Main St,Cleveland,OH,70191,25976101,N,N,100125
2024,10005,U.S. Bank N.A.,U.S. Bank N.A. - Cleveland Full Service,989 Main St,Cleveland,OH,33329,10724347,N,N,100126
2024,10005,U.S. Bank N.A.,U.S. Bank N.A. - Cleveland Full Service,3829 Main St,Cleveland,OH,43901,10289139,N,N,100127
2024,10005,U.S. Bank N.A.,U.S. Bank N.A. - Cleveland Limited Service,6726 Main St,Cleveland,OH,66757,19989845,N,N,100128
2024,10005,U.S. Bank N.A.,U.S. Bank N.A. - Cleveland Full Service,2038 Main St,Cleveland,OH,80101,18419527,N,N,100129
2024,10005,U.S. Bank N.A.,U.S. Bank N.A. - Cleveland Full Service,1136 Main St,Cleveland,OH,86756,26848670,N,N,100130
2024,10005,U.S. Bank N.A.,U.S. Bank N.A. - Cleveland Full Service,5960 Main St,Cleveland,OH,75907,30109531,N,N,100131
2024,10005,U.S. Bank N.A.,U.S. Bank N.A. - Cleveland Limited Service,5037 Main St,Cleveland,OH,89503,28545952,N,N,100132
2024,10005,U.S. Bank N.A.,U.S. Bank N.A. - Cleveland Limited Service,7270 Main St,Cleveland,OH,59992,27995084,N,N,100133
2024,10005,U.S. Bank N.A.,U.S. Bank N.A. - Cleveland Full Service,2661 Main St,Cleveland,OH,79922,9279454,N,N,100134
2024,10005,U.S. Bank N.A.,U.S. Bank N.A. - Cleveland Full Service,9041 Main St,Cleveland,OH,48663,27523142,N,N,100135
2024,10005,U.S. Bank N.A.,U.S. Bank N.A. - Cleveland Limited Service,6213 Main St,Cleveland,OH,11461,25753016,N,N,100136
2024,10005,U.S. Bank N.A.,U.S. Bank N.A. - Cleveland Full Service,9483 Main St,Cleveland,OH,88204,9558588,N,N,100137
2024,10005,U.S. Bank N.A.,U.S. Bank N.A. - Cleveland Full Service,1494 Main St,Cleveland,OH,49936,22446336,N,N,100138
2024,10005,U.S. Bank N.A.,U.S. Bank N.A. - Cleveland Full Service,5733 Main St,Cleveland,OH,37752,27387489,N,N,100139
2024,10005,U.S. Bank N.A.,U.S. Bank N.A. - Cleveland Full Service,2433 Main St,Cleveland,OH,31096,30191269,N,N,100140
2024,10005,U.S. Bank N.A.,U.S. Bank N.A. - Cleveland Full Service,4240 Main St,Cleveland,OH,35470,24213778,N,N,100141
2024,10005,U.S. Bank N.A.,U.S. Bank N.A. - Cleveland Full Service,9394 Main St,Cleveland,OH,17128,25592193,N,N,100142
2024,10006,PNC Bank N.A.,PNC Bank N.A. Main,1298 Main St,Wilmington,DE,48096,14469633,N,Y,100143
2024,10006,PNC Bank N.A.,PNC Bank N.A. - Wilmington Limited Service,9612 Main St,Wilmington,DE,73857,6384574,N,N,100144
2024,10006,PNC Bank N.A.,PNC Bank N.A. - Wilmington Limited Service,3942 Main St,Wilmington,DE,23113,6828613,N,N,100145
2024,10006,PNC Bank N.A.,PNC Bank N.A. - Wilmington Full Service,3270 Main St,Wilmington,DE,51652,5964492,N,N,100146
2024,10006,PNC Bank N.A.,PNC Bank N.A. - Wilmington Limited Service,5108 Main St,Wilmington,DE,86568,9789551,N,N,100147
2024,10006,PNC Bank N.A.,PNC Bank N.A. - Wilmington Full Service,5282 Main St,Wilmington,DE,66139,13318395,N,N,100148
2024,10006,PNC Bank N.A.,PNC Bank N.A. - Wilmington Full Service,3729 Main St,Wilmington,DE,93995,9565684,N,N,100149
2024,10006,PNC Bank N.A.,PNC Bank N.A. - Wilmington Limited Service,2300 Main St,Wilmington,DE,99073,17361103,N,N,100150
2024,10006,PNC Bank N.A.,PNC Bank N.A. - Wilmington Limited Service,5977 Main St,Wilmington,DE,50038,11779514,N,N,100151
2024,10006,PNC Bank N.A.,PNC Bank N.A. - Wilmington Full Service,1443 Main St,Wilmington,DE,46780,6541848,N,N,100152
2024,10006,PNC Bank N.A.,PNC Bank N.A. - Wilmington Full Service,1352 Main St,Wilmington,DE,19882,7837881,N,N,100153
2024,10006,PNC Bank N.A.,PNC Bank N.A. - Wilmington Full Service,9633 Main St,Wilmington,DE,85877,14276587,N,N,100154
2024,10006,PNC Bank N.A.,PNC Bank N.A. - Wilmington Full Service,700 Main St,Wilmington,DE,82298,8079465,N,N,100155
2024,10006,PNC Bank N.A.,PNC Bank N.A. - Wilmington Full Service,8942 Main St,Wilmington,DE,71879,18158197,N,N,100156
2024,10006,PNC Bank N.A.,PNC Bank N.A. - Wilmington Limited Service,9760 Main St,Wilmington,DE,48141,10738685,N,N,100157
2024,10006,PNC Bank N.A.,PNC Bank N.A. - Wilmington Limited Service,1583 Main St,Wilmington,DE,62007,12345790,N,N,100158
2024,10006,PNC Bank N.A.,PNC Bank N.A. - Wilmington Full Service,4013 Main St,Wilmington,DE,90482,5088373,N,N,100159
2024,10006,PNC Bank N.A.,PNC Bank N.A. - Wilmington Full Service,2708 Main St,Wilmington,DE,33480,7008454,N,N,100160
2024,10006,PNC Bank N.A.,PNC Bank N.A. - Wilmington Full Service,5978 Main St,Wilmington,DE,15297,15761680,N,N,100161
2024,10006,PNC Bank N.A.,PNC Bank N.A. - Wilmington Limited Service,4431 Main St,Wilmington,DE,58422,8360410,N,N,100162
2024,10006,PNC Bank N.A.,PNC Bank N.A. - Wilmington Full Service,8585 Main St,Wilmington,DE,57349,14823398,N,N,100163
2024,10006,PNC Bank N.A.,PNC Bank N.A. - Wilmington Limited Service,860 Main St,Wilmington,DE,15230,18512035,N,N,100164
2024,10006,PNC Bank N.A.,PNC Bank N.A. - Wilmington Full Service,8642 Main St,Wilmington,DE,93042,15343452,N,N,100165
2024,10006,PNC Bank N.A.,PNC Bank N.A. - Wilmington Full Service,9018 Main St,Wilmington,DE,84732,8827432,N,N,100166
2024,10006,PNC Bank N.A.,PNC Bank N.A. - Wilmington Limited Service,6085 Main St,Wilmington,DE,87028,14602800,N,N,100167
2024,10006,PNC Bank N.A.,PNC Bank N.A. - Wilmington Full Service,3751 Main St,Wilmington,DE,77681,8653892,N,N,100168
2024,10006,PNC Bank N.A.,PNC Bank N.A. - Wilmington Limited Service,5753 Main St,Wilmington,DE,73813,17022693,N,N,100169
2024,10006,PNC Bank N.A.,PNC Bank N.A. - Wilmington Full Service,2376 Main St,Wilmington,DE,67658,5029282,N,N,100170
2024,10006,PNC Bank N.A.,PNC Bank N.A. - Wilmington Full Service,4700 Main St,Wilmington,DE,37723,6072190,N,N,100171
2024,10006,PNC Bank N.A.,PNC Bank N.A. - Wilmington Full Service,9963 Main St,Wilmington,DE,25509,7259772,N,N,100172
2024,10007,Truist Bank,Truist Bank Main,1956 Main St,Charlotte,NC,73113,16286175,SM,Y,100173
2024,10007,Truist Bank,Truist Bank - Charlotte Limited Service,2741 Main St,Charlotte,NC,94837,7741581,SM,N,100174
2024,10007,Truist Bank,Truist Bank - Charlotte Full Service,2195 Main St,Charlotte,NC,85168,8210688,SM,N,100175
2024,10007,Truist Bank,Truist Bank - Charlotte Full Service,742 Main St,Charlotte,NC,85008,13701571,SM,N,100176
2024,10007,Truist Bank,Truist Bank - Charlotte Full Service,3049 Main St,Charlotte,NC,77717,7110307,SM,N,100177
2024,10007,Truist Bank,Truist Bank - Charlotte Full Service,405 Main St,Charlotte,NC,96736,18535506,SM,N,100178
2024,10007,Truist Bank,Truist Bank - Charlotte Full Service,7823 Main St,Charlotte,NC,73133,7825388,SM,N,100179
2024,10007,Truist Bank,Truist Bank - Charlotte Full Service,9944 Main St,Charlotte,NC,28705,16559259,SM,N,100180
2024,10007,Truist Bank,Truist Bank - Charlotte Full Service,4433 Main St,Charlotte,NC,31983,14130009,SM,N,100181
2024,10007,Truist Bank,Truist Bank - Charlotte Limited Service,1227 Main St,Charlotte,NC,40122,13231885,SM,N,100182
2024,10007,Truist Bank,Truist Bank - Charlotte Limited Service,371 Main St,Charlotte,NC,36522,6624668,SM,N,100183
2024,10007,Truist Bank,Truist Bank - Charlotte Full Service,3006 Main St,Charlotte,NC,72373,13359636,SM,N,100184
2024,10007,Truist Bank,Truist Bank - Charlotte Full Service,2025 Main St,Charlotte,NC,22214,11905602,SM,N,100185
2024,10007,Truist Bank,Truist Bank - Charlotte Full Service,9987 Main St,Charlotte,NC,80685,6597854,SM,N,100186
2024,10007,Truist Bank,Truist Bank - Charlotte Full Service,8653 Main St,Charlotte,NC,65139,13981776,SM,N,100187
2024,10007,Truist Bank,Truist Bank - Charlotte Full Service,7128 Main St,Charlotte,NC,40079,14670660,SM,N,100188
2024,10007,Truist Bank,Truist Bank - Charlotte Limited Service,9539 Main St,Charlotte,NC,22807,9731115,SM,N,100189
2024,10007,Truist Bank,Truist Bank - Charlotte Full Service,3909 Main St,Charlotte,NC,20986,8365050,SM,N,100190
2024,10007,Truist Bank,Truist Bank - Charlotte Full Service,6795 Main St,Charlotte,NC,43791,17219564,SM,N,100191
2024,10007,Truist Bank,Truist Bank - Charlotte Full Service,216 Main St,Charlotte,NC,85757,14834389,SM,N,100192
2024,10007,Truist Bank,Truist Bank - Charlotte Full Service,3465 Main St,Charlotte,NC,51405,4845661,SM,N,100193
2024,10007,Truist Bank,Truist Bank - Charlotte Limited Service,7080 Main St,Charlotte,NC,95403,6259956,SM,N,100194
2024,10007,Truist Bank,Truist Bank - Charlotte Limited Service,7039 Main St,Charlotte,NC,84012,16909504,SM,N,100195
2024,10007,Truist Bank,Truist Bank - Charlotte Full Service,6611 Main St,Charlotte,NC,36698,8664482,SM,N,100196
2024,10007,Truist Bank,Truist Bank - Charlotte Full Service,8004 Main St,Charlotte,NC,33425,15896501,SM,N,100197
2024,10007,Truist Bank,Truist Bank - Charlotte Full Service,4257 Main St,Charlotte,NC,50193,12639609,SM,N,100198
2024,10007,Truist Bank,Truist Bank - Charlotte Full Service,2362 Main St,Charlotte,NC,96413,10408627,SM,N,100199
2024,10007,Truist Bank,Truist Bank - Charlotte Full Service,2750 Main St,Charlotte,NC,23143,8012907,SM,N,100200
2024,10007,Truist Bank,Truist Bank - Charlotte Full Service,5644 Main St,Charlotte,NC,82165,10443222,SM,N,100201
2024,10007,Truist Bank,Truist Bank - Charlotte Full Service,186 Main St,Charlotte,NC,21939,10280187,SM,N,100202
2024,10008,Goldman Sachs Bank USA,Goldman Sachs Bank USA Main,7233 Main St,New York,NY,21552,19452052,SM,Y,100203
2024,10008,Goldman Sachs Bank USA,Goldman Sachs Bank USA - New York Limited Service,1411 Main St,New York,NY,89826,8575242,SM,N,100204
2024,10008,Goldman Sachs Bank USA,Goldman Sachs Bank USA - New York Full Service,6664 Main St,New York,NY,90473,11086404,SM,N,100205
2024,10008,Goldman Sachs Bank USA,Goldman Sachs Bank USA - New York Full Service,1041 Main St,New York,NY,32973,20033948,SM,N,100206
2024,10008,Goldman Sachs Bank USA,Goldman Sachs Bank USA - New York Limited Service,8589 Main St,New York,NY,47487,5314789,SM,N,100207
2024,10008,Goldman Sachs Bank USA,Goldman Sachs Bank USA - New York Full Service,8464 Main St,New York,NY,77608,17259944,SM,N,100208
2024,10008,Goldman Sachs Bank USA,Goldman Sachs Bank USA - New York Full Service,690 Main St,New York,NY,57151,7767507,SM,N,100209
2024,10008,Goldman Sachs Bank USA,Goldman Sachs Bank USA - New York Full Service,2679 Main St,New York,NY,21382,5153772,SM,N,100210
2024,10008,Goldman Sachs Bank USA,Goldman Sachs Bank USA - New York Limited Service,6574 Main St,New York,NY,63143,10604452,SM,N,100211
2024,10008,Goldman Sachs Bank USA,Goldman Sachs Bank USA - New York Full Service,1224 Main St,New York,NY,21818,5386717,SM,N,100212
2024,10008,Goldman Sachs Bank USA,Goldman Sachs Bank USA - New York Full Service,9650 Main St,New York,NY,55625,17967545,SM,N,100213
2024,10008,Goldman Sachs Bank USA,Goldman Sachs Bank USA - New York Limited Service,3287 Main St,New York,NY,69606,8645149,SM,N,100214
2024,10008,Goldman Sachs Bank USA,Goldman Sachs Bank USA - New York Full Service,2967 Main St,New York,NY,63363,5221190,SM,N,100215
2024,10008,Goldman Sachs Bank USA,Goldman Sachs Bank USA - New York Full Service,4921 Main St,New York,NY,54560,6267553,SM,N,100216
2024,10008,Goldman Sachs Bank USA,Goldman Sachs Bank USA - New York Full Service,8913 Main St,New York,NY,85352,19928585,SM,N,100217
2024,10008,Goldman Sachs Bank USA,Goldman Sachs Bank USA - New York Full Service,6278 Main St,New York,NY,83815,11989226,SM,N,100218
2024,10008,Goldman Sachs Bank USA,Goldman Sachs Bank USA - New York Full Service,7617 Main St,New York,NY,99337,16850785,SM,N,100219
2024,10008,Goldman Sachs Bank USA,Goldman Sachs Bank USA - New York Full Service,7996 Main St,New York,NY,25239,18465874,SM,N,100220
2024,10008,Goldman Sachs Bank USA,Goldman Sachs Bank USA - New York Full Service,3710 Main St,New York,NY,98724,11060873,SM,N,100221
2024,10008,Goldman Sachs Bank USA,Goldman Sachs Bank USA - New York Limited Service,5885 Main St,New York,NY,77699,11520493,SM,N,100222
2024,10008,Goldman Sachs Bank USA,Goldman Sachs Bank USA - New York Full Service,4167 Main St,New York,NY,47655,18004809,SM,N,100223
2024,10008,Goldman Sachs Bank USA,Goldman Sachs Bank USA - New York Limited Service,5703 Main St,New York,NY,19965,15556623,SM,N,100224
2024,10008,Goldman Sachs Bank USA,Goldman Sachs Bank USA - New York Limited Service,3680 Main St,New York,NY,85197,9998043,SM,N,100225
2024,10008,Goldman Sachs Bank USA,Goldman Sachs Bank USA - New York Full Service,3215 Main St,New York,NY,75404,19780419,SM,N,100226
2024,10008,Goldman Sachs Bank USA,Goldman Sachs Bank USA - New York Full Service,4448 Main St,New York,NY,37102,16510246,SM,N,100227
2024,10008,Goldman Sachs Bank USA,Goldman Sachs Bank USA - New York Full Service,5933 Main St,New York,NY,30446,18047499,SM,N,100228
2024,10008,Goldman Sachs Bank USA,Goldman Sachs Bank USA - New York Full Service,8171 Main St,New York,NY,90455,19364405,SM,N,100229
2024,10008,Goldman Sachs Bank USA,Goldman Sachs Bank USA - New York Full Service,8001 Main St,New York,NY,58653,19948416,SM,N,100230
2024,10008,Goldman Sachs Bank USA,Goldman Sachs Bank USA - New York Limited Service,9512 Main St,New York,NY,46009,19023515,SM,N,100231
2024,10009,Capital One N.A.,Capital One N.A. Main,8474 Main St,Richmond,VA,46735,19961922,N,Y,100232
2024,10009,Capital One N.A.,Capital One N.A. - Richmond Full Service,2201 Main St,Richmond,VA,17097,16413703,N,N,100233
2024,10009,Capital One N.A.,Capital One N.A. - Richmond Limited Service,633 Main St,Richmond,VA,75860,19284163,N,N,100234
2024,10009,Capital One N.A.,Capital One N.A. - Richmond Limited Service,2963 Main St,Richmond,VA,69925,18083560,N,N,100235
2024,10009,Capital One N.A.,Capital One N.A. - Richmond Full Service,5271 Main St,Richmond,VA,11103,12899736,N,N,100236
2024,10009,Capital One N.A.,Capital One N.A. - Richmond Full Service,9619 Main St,Richmond,VA,23205,8242214,N,N,100237
2024,10009,Capital One N.A.,Capital One N.A. - Richmond Limited Service,4354 Main St,Richmond,VA,34530,14332398,N,N,100238
2024,10009,Capital One N.A.,Capital One N.A. - Richmond Full Service,5721 Main St,Richmond,VA,57962,9130776,N,N,100239
2024,10009,Capital One N.A.,Capital One N.A. - Richmond Limited Service,6966 Main St,Richmond,VA,58799,11471782,N,N,100240
2024,10009,Capital One N.A.,Capital One N.A. - Richmond Limited Service,3047 Main St,Richmond,VA,84895,9285616,N,N,100241
2024,10009,Capital One N.A.,Capital One N.A. - Richmond Full Service,1736 Main St,Richmond,VA,45382,15441798,N,N,100242
2024,10009,Capital One N.A.,Capital One N.A. - Richmond Full Service,6340 Main St,Richmond,VA,35698,11597151,N,N,100243
2024,10009,Capital One N.A.,Capital One N.A. - Richmond Full Service,259 Main St,Richmond,VA,33148,7315045,N,N,100244
2024,10009,Capital One N.A.,Capital One N.A. - Richmond Limited Service,8570 Main St,Richmond,VA,79990,7086657,N,N,100245
2024,10009,Capital One N.A.,Capital One N.A. - Richmond Limited Service,9310 Main St,Richmond,VA,84427,9594721,N,N,100246
2024,10009,Capital One N.A.,Capital One N.A. - Richmond Limited Service,2776 Main St,Richmond,VA,17869,6548924,N,N,100247
2024,10009,Capital One N.A.,Capital One N.A. - Richmond Limited Service,1677 Main St,Richmond,VA,68963,12268553,N,N,100248
2024,10009,Capital One N.A.,Capital One N.A. - Richmond Limited Service,9280 Main St,Richmond,VA,83071,10517701,N,N,100249
2024,10009,Capital One N.A.,Capital One N.A. - Richmond Limited Service,2086 Main St,Richmond,VA,56018,5350061,N,N,100250
2024,10009,Capital One N.A.,Capital One N.A. - Richmond Full Service,8921 Main St,Richmond,VA,32877,13773657,N,N,100251
2024,10009,Capital One N.A.,Capital One N.A. - Richmond Limited Service,8463 Main St,Richmond,VA,73896,9974289,N,N,100252
2024,10009,Capital One N.A.,Capital One N.A. - Richmond Full Service,4794 Main St,Richmond,VA,70784,10822327,N,N,100253
2024,10009,Capital One N.A.,Capital One N.A. - Richmond Full Service,5627 Main St,Richmond,VA,65288,14753571,N,N,100254
2024,10009,Capital One N.A.,Capital One N.A. - Richmond Full Service,5729 Main St,Richmond,VA,39912,6248026,N,N,100255
2024,10009,Capital One N.A.,Capital One N.A. - Richmond Limited Service,4482 Main St,Richmond,VA,89349,14941907,N,N,100256
2024,10009,Capital One N.A.,Capital One N.A. - Richmond Limited Service,6050 Main St,Richmond,VA,86928,18496995,N,N,100257
2024,10009,Capital One N.A.,Capital One N.A. - Richmond Limited Service,478 Main St,Richmond,VA,26389,7584239,N,N,100258
2024,10009,Capital One N.A.,Capital One N.A. - Richmond Full Service,1411 Main St,Richmond,VA,37600,8861716,N,N,100259
2024,10009,Capital One N.A.,Capital One N.A. - Richmond Limited Service,1145 Main St,Richmond,VA,72021,6610042,N,N,100260
2024,10009,Capital One N.A.,Capital One N.A. - Richmond Full Service,8684 Main St,Richmond,VA,20911,16728256,N,N,100261
2024,10010,TD Bank N.A.,TD Bank N.A. Main,1481 Main St,Wilmington,DE,95830,11139611,N,Y,100262
2024,10010,TD Bank N.A.,TD Bank N.A. - Wilmington Limited Service,4755 Main St,Wilmington,DE,68085,6588087,N,N,100263
2024,10010,TD Bank N.A.,TD Bank N.A. - Wilmington Full Service,2895 Main St,Wilmington,DE,13744,10069950,N,N,100264
2024,10010,TD Bank N.A.,TD Bank N.A. - Wilmington Full Service,5428 Main St,Wilmington,DE,72410,8080712,N,N,100265
2024,10010,TD Bank N.A.,TD Bank N.A. - Wilmington Full Service,9087 Main St,Wilmington,DE,68306,14848251,N,N,100266
2024,10010,TD Bank N.A.,TD Bank N.A. - Wilmington Full Service,9780 Main St,Wilmington,DE,88326,10216833,N,N,100267
2024,10010,TD Bank N.A.,TD Bank N.A. - Wilmington Full Service,9340 Main St,Wilmington,DE,67013,12671156,N,N,100268
2024,10010,TD Bank N.A.,TD Bank N.A. - Wilmington Limited Service,3821 Main St,Wilmington,DE,21738,9542019,N,N,100269
2024,10010,TD Bank N.A.,TD Bank N.A. - Wilmington Limited Service,4356 Main St,Wilmington,DE,30410,8185408,N,N,100270
2024,10010,TD Bank N.A.,TD Bank N.A. - Wilmington Full Service,2333 Main St,Wilmington,DE,55073,3903819,N,N,100271
2024,10010,TD Bank N.A.,TD Bank N.A. - Wilmington Limited Service,8159 Main St,Wilmington,DE,72530,10167791,N,N,100272
2024,10010,TD Bank N.A.,TD Bank N.A. - Wilmington Full Service,4899 Main St,Wilmington,DE,88250,12869699,N,N,100273
2024,10010,TD Bank N.A.,TD Bank N.A. - Wilmington Full Service,3189 Main St,Wilmington,DE,63967,10321324,N,N,100274
2024,10010,TD Bank N.A.,TD Bank N.A. - Wilmington Limited Service,6485 Main St,Wilmington,DE,59592,6828575,N,N,100275
2024,10010,TD Bank N.A.,TD Bank N.A. - Wilmington Limited Service,4024 Main St,Wilmington,DE,77713,4830142,N,N,100276
2024,10010,TD Bank N.A.,TD Bank N.A. - Wilmington Limited Service,8815 Main St,Wilmington,DE,45235,11495012,N,N,100277
2024,10010,TD Bank N.A.,TD Bank N.A. - Wilmington Full Service,3088 Main St,Wilmington,DE,27907,13895489,N,N,100278
2024,10010,TD Bank N.A.,TD Bank N.A. - Wilmington Full Service,7518 Main St,Wilmington,DE,45669,11359615,N,N,100279
2024,10010,TD Bank N.A.,TD Bank N.A. - Wilmington Full Service,2592 Main St,Wilmington,DE,16505,7656903,N,N,100280
2024,10010,TD Bank N.A.,TD Bank N.A. - Wilmington Full Service,4722 Main St,Wilmington,DE,45283,15287017,N,N,100281
2024,10010,TD Bank N.A.,TD Bank N.A. - Wilmington Full Service,234 Main St,Wilmington,DE,40514,9035814,N,N,100282
2024,10010,TD Bank N.A.,TD Bank N.A. - Wilmington Full Service,3658 Main St,Wilmington,DE,54815,4075140,N,N,100283
2024,10010,TD Bank N.A.,TD Bank N.A. - Wilmington Limited Service,8265 Main St,Wilmington,DE,58679,13102179,N,N,100284
2024,10010,TD Bank N.A.,TD Bank N.A. - Wilmington Full Service,5510 Main St,Wilmington,DE,20515,13168909,N,N,100285
2024,10010,TD Bank N.A.,TD Bank N.A. - Wilmington Full Service,6529 Main St,Wilmington,DE,19356,7023019,N,N,100286
2024,10010,TD Bank N.A.,TD Bank N.A. - Wilmington Full Service,4197 Main St,Wilmington,DE,60014,6152967,N,N,100287
2024,10011,Western Oregon Federal Savings,Western Oregon Federal Savings Main,4178 Main St,Portland,OR,60436,111641,N,Y,100288
2024,10012,Atlantic Utah Trust Company,Atlantic Utah Trust Company Main,649 Main St,Salt Lake City,UT,36106,25537,NM,Y,100289
2024,10012,Atlantic Utah Trust Company,Atlantic Utah Trust Company - Salt Lake City Full Service,8638 Main St,Salt Lake City,UT,97294,26333,NM,N,100290
2024,10012,Atlantic Utah Trust Company,Atlantic Utah Trust Company - Salt Lake City Limited Service,5213 Main St,Salt Lake City,UT,52344,17227,NM,N,100291
2024,10012,Atlantic Utah Trust Company,Atlantic Utah Trust Company - Salt Lake City Full Service,9104 Main St,Salt Lake City,UT,78278,25313,NM,N,100292
2024,10013,Coastal New Jersey National Bank,Coastal New Jersey National Bank Main,4995 Main St,Newark,NJ,36047,516389,NM,Y,100293
2024,10014,Western Bank & Trust of Birmingham,Western Bank & Trust of Birmingham Main,3668 Main St,Birmingham,AL,24801,264646,SA,Y,100294
2024,10014,Western Bank & Trust of Birmingham,Western Bank & Trust of Birmingham - Birmingham Full Service,346 Main St,Birmingham,AL,31936,169687,SA,N,100295
2024,10014,Western Bank & Trust of Birmingham,Western Bank & Trust of Birmingham - Birmingham Full Service,4082 Main St,Birmingham,AL,11170,100151,SA,N,100296
2024,10015,Sovereign Savings Bank of Stamford,Sovereign Savings Bank of Stamford Main,2639 Main St,Hartford,CT,58679,1883343,N,Y,100297
2024,10015,Sovereign Savings Bank of Stamford,Sovereign Savings Bank of Stamford - Hartford Full Service,1597 Main St,Hartford,CT,99908,905104,N,N,100298
2024,10015,Sovereign Savings Bank of Stamford,Sovereign Savings Bank of Stamford - Hartford Full Service,5924 Main St,Hartford,CT,94485,725116,N,N,100299
2024,10016,Federal Financial of Atlanta,Federal Financial of Atlanta Main,3912 Main St,Atlanta,GA,51515,11197,SA,Y,100300
2024,10016,Federal Financial of Atlanta,Federal Financial of Atlanta - Atlanta Limited Service,449 Main St,Atlanta,GA,59514,26009,SA,N,100301
2024,10017,River Federal Savings of Nashville,River Federal Savings of Nashville Main,746 Main St,Nashville,TN,73609,5704,N,Y,100302
2024,10017,River Federal Savings of Nashville,River Federal Savings of Nashville - Nashville Full Service,8129 Main St,Nashville,TN,34874,6134,N,N,100303
2024,10017,River Federal Savings of Nashville,River Federal Savings of Nashville - Nashville Full Service,7774 Main St,Nashville,TN,46087,6651,N,N,100304
2024,10018,Pioneer National Bank of Boise,Pioneer National Bank of Boise Main,2639 Main St,Boise,ID,68901,6032,NM,Y,100305
2024,10018,Pioneer National Bank of Boise,Pioneer National Bank of Boise - Boise Limited Service,7539 Main St,Boise,ID,10094,13122,NM,N,100306
2024,10018,Pioneer National Bank of Boise,Pioneer National Bank of Boise - Boise Full Service,406 Main St,Boise,ID,91229,7781,NM,N,100307
2024,10018,Pioneer National Bank of Boise,Pioneer National Bank of Boise - Boise Full Service,1137 Main St,Boise,ID,96283,8580,NM,N,100308
2024,10018,Pioneer National Bank of Boise,Pioneer National Bank of Boise - Boise Full Service,8251 Main St,Boise,ID,82281,12859,NM,N,100309
2024,10019,Patriot Bank & Trust of Newark,Patriot Bank & Trust of Newark Main,5376 Main St,Newark,NJ,24478,310986,NM,Y,100310
2024,10019,Patriot Bank & Trust of Newark,Patriot Bank & Trust of Newark - Newark Full Service,817 Main St,Newark,NJ,27009,470426,NM,N,100311
2024,10019,Patriot Bank & Trust of Newark,Patriot Bank & Trust of Newark - Newark Full Service,8052 Main St,Newark,NJ,35115,253845,NM,N,100312
2024,10019,Patriot Bank & Trust of Newark,Patriot Bank & Trust of Newark - Newark Full Service,6466 Main St,Newark,NJ,96235,428762,NM,N,100313
2024,10019,Patriot Bank & Trust of Newark,Patriot Bank & Trust of Newark - Newark Full Service,9771 Main St,Newark,NJ,43546,453870,NM,N,100314
2024,10020,Allied Nevada Bank,Allied Nevada Bank Main,1261 Main St,Las Vegas,NV,11715,40544,N,Y,100315
2024,10021,National Pennsylvania Savings Bank,National Pennsylvania Savings Bank Main,1410 Main St,Philadelphia,PA,71349,382855,SA,Y,100316
2024,10021,National Pennsylvania Savings Bank,National Pennsylvania Savings Bank - Philadelphia Limited Service,6914 Main St,Philadelphia,PA,58374,270467,SA,N,100317
2024,10022,Heritage Community Bank of Austin,Heritage Community Bank of Austin Main,1253 Main St,Houston,TX,49833,330991,SA,Y,100318
2024,10023,Heritage Colorado Financial,Heritage Colorado Financial Main,1691 Main St,Denver,CO,23267,89409,SB,Y,100319
2024,10024,Pioneer Virginia Trust Company,Pioneer Virginia Trust Company Main,8721 Main St,Richmond,VA,96098,309706,N,Y,100320
2024,10024,Pioneer Virginia Trust Company,Pioneer Virginia Trust Company - Richmond Full Service,3031 Main St,Richmond,VA,83193,567915,N,N,100321
2024,10024,Pioneer Virginia Trust Company,Pioneer Virginia Trust Company - Richmond Full Service,9546 Main St,Richmond,VA,56918,259975,N,N,100322
2024,10024,Pioneer Virginia Trust Company,Pioneer Virginia Trust Company - Richmond Full Service,1805 Main St,Richmond,VA,31864,591562,N,N,100323
2024,10024,Pioneer Virginia Trust Company,Pioneer Virginia Trust Company - Richmond Full Service,5629 Main St,Richmond,VA,96184,435353,N,N,100324
2024,10024,Pioneer Virginia Trust Company,Pioneer Virginia Trust Company - Richmond Full Service,7358 Main St,Richmond,VA,56179,788946,N,N,100325
2024,10025,First Savings Bank of Little Rock,First Savings Bank of Little Rock Main,6855 Main St,Little Rock,AR,93000,139207,N,Y,100326
2024,10025,First Savings Bank of Little Rock,First Savings Bank of Little Rock - Little Rock Full Service,4043 Main St,Little Rock,AR,83812,77601,N,N,100327
2024,10025,First Savings Bank of Little Rock,First Savings Bank of Little Rock - Little Rock Limited Service,4262 Main St,Little Rock,AR,57187,129856,N,N,100328
2024,10026,National DC Bank & Trust,National DC Bank & Trust Main,103 Main St,Washington,DC,14543,192214,SB,Y,100329
2024,10026,National DC Bank & Trust,National DC Bank & Trust - Washington Full Service,2313 Main St,Washington,DC,49562,51969,SB,N,100330
2024,10026,National DC Bank & Trust,National DC Bank & Trust - Washington Limited Service,3619 Main St,Washington,DC,51275,195866,SB,N,100331
2024,10026,National DC Bank & Trust,National DC Bank & Trust - Washington Full Service,9171 Main St,Washington,DC,77013,171778,SB,N,100332
2024,10026,National DC Bank & Trust,National DC Bank & Trust - Washington Full Service,5927 Main St,Washington,DC,30461,55155,SB,N,100333
2024,10026,National DC Bank & Trust,National DC Bank & Trust - Washington Limited Service,9638 Main St,Washington,DC,42749,104109,SB,N,100334
2024,10026,National DC Bank & Trust,National DC Bank & Trust - Washington Limited Service,1605 Main St,Washington,DC,84774,170104,SB,N,100335
2024,10026,National DC Bank & Trust,National DC Bank & Trust - Washington Full Service,1364 Main St,Washington,DC,52558,185980,SB,N,100336
2024,10026,National DC Bank & Trust,National DC Bank & Trust - Washington Full Service,9540 Main St,Washington,DC,22499,122123,SB,N,100337
2024,10026,National DC Bank & Trust,National DC Bank & Trust - Washington Full Service,9541 Main St,Washington,DC,60010,158170,SB,N,100338
2024,10027,Patriot Savings Bank of Phoenix,Patriot Savings Bank of Phoenix Main,5578 Main St,Phoenix,AZ,55603,67841,N,Y,100339
2024,10028,Federal National Bank of Grand Rapids,Federal National Bank of Grand Rapids Main,2074 Main St,Detroit,MI,39716,29478,NM,Y,100340
2024,10028,Federal National Bank of Grand Rapids,Federal National Bank of Grand Rapids - Detroit Full Service,6366 Main St,Detroit,MI,17094,25912,NM,N,100341
2024,10028,Federal National Bank of Grand Rapids,Federal National Bank of Grand Rapids - Detroit Full Service,8946 Main St,Detroit,MI,84044,8737,NM,N,100342
2024,10028,Federal National Bank of Grand Rapids,Federal National Bank of Grand Rapids - Detroit Limited Service,3717 Main St,Detroit,MI,30079,19497,NM,N,100343
2024,10029,Pacific Federal Bank of Worcester,Pacific Federal Bank of Worcester Main,9850 Main St,Boston,MA,85399,106045,N,Y,100344
2024,10030,Capital National Bank of Worcester,Capital National Bank of Worcester Main,4847 Main St,Boston,MA,61684,6175,SM,Y,100345
2024,10030,Capital National Bank of Worcester,Capital National Bank of Worcester - Boston Full Service,7896 Main St,Boston,MA,84899,7443,SM,N,100346
2024,10030,Capital National Bank of Worcester,Capital National Bank of Worcester - Boston Full Service,1493 Main St,Boston,MA,62235,8144,SM,N,100347
2024,10030,Capital National Bank of Worcester,Capital National Bank of Worcester - Boston Full Service,2309 Main St,Boston,MA,73035,5155,SM,N,100348
2024,10030,Capital National Bank of Worcester,Capital National Bank of Worcester - Boston Limited Service,9460 Main St,Boston,MA,35703,8101,SM,N,100349
2024,10031,Citizens Alabama Bank & Trust,Citizens Alabama Bank & Trust Main,4462 Main St,Birmingham,AL,66369,80648,SM,Y,100350
2024,10031,Citizens Alabama Bank & Trust,Citizens Alabama Bank & Trust - Birmingham Full Service,1567 Main St,Birmingham,AL,24749,176171,SM,N,100351
2024,10031,Citizens Alabama Bank & Trust,Citizens Alabama Bank & Trust - Birmingham Limited Service,3220 Main St,Birmingham,AL,52039,97873,SM,N,100352
2024,10031,Citizens Alabama Bank & Trust,Citizens Alabama Bank & Trust - Birmingham Full Service,5094 Main St,Birmingham,AL,32184,138522,SM,N,100353
2024,10031,Citizens Alabama Bank & Trust,Citizens Alabama Bank & Trust - Birmingham Full Service,7345 Main St,Birmingham,AL,91681,161803,SM,N,100354
2024,10032,Heritage Federal Savings of Grand Rapids,Heritage Federal Savings of Grand Rapids Main,3925 Main St,Detroit,MI,36173,7419,N,Y,100355
2024,10032,Heritage Federal Savings of Grand Rapids,Heritage Federal Savings of Grand Rapids - Detroit Full Service,1505 Main St,Detroit,MI,24728,21404,N,N,100356
2024,10033,Trust Trust Company of Newark,Trust Trust Company of Newark Main,2519 Main St,Newark,NJ,47707,677413,N,Y,100357
2024,10034,Northern Financial of Newark,Northern Financial of Newark Main,1923 Main St,Newark,NJ,49992,86170,NM,Y,100358
2024,10035,Liberty California Trust Company,Liberty California Trust Company Main,3524 Main St,San Francisco,CA,80517,70319,N,Y,100359
2024,10035,Liberty California Trust Company,Liberty California Trust Company - San Francisco Full Service,4337 Main St,San Francisco,CA,81932,173735,N,N,100360
2024,10035,Liberty California Trust Company,Liberty California Trust Company - San Francisco Full Service,2415 Main St,San Francisco,CA,97590,209973,N,N,100361
2024,10035,Liberty California Trust Company,Liberty California Trust Company - San Francisco Limited Service,8731 Main St,San Francisco,CA,15699,180959,N,N,100362
2024,10036,Eastern Community Bank of Baltimore,Eastern Community Bank of Baltimore Main,3388 Main St,Baltimore,MD,90997,1655427,NM,Y,100363
2024,10036,Eastern Community Bank of Baltimore,Eastern Community Bank of Baltimore - Baltimore Full Service,236 Main St,Baltimore,MD,18729,3358852,NM,N,100364
2024,10036,Eastern Community Bank of Baltimore,Eastern Community Bank of Baltimore - Baltimore Full Service,6001 Main St,Baltimore,MD,24141,2544061,NM,N,100365
2024,10036,Eastern Community Bank of Baltimore,Eastern Community Bank of Baltimore - Baltimore Limited Service,6432 Main St,Baltimore,MD,40299,5052174,NM,N,100366
2024,10036,Eastern Community Bank of Baltimore,Eastern Community Bank of Baltimore - Baltimore Full Service,1731 Main St,Baltimore,MD,51347,5511644,NM,N,100367
2024,10036,Eastern Community Bank of Baltimore,Eastern Community Bank of Baltimore - Baltimore Full Service,3154 Main St,Baltimore,MD,36066,3639074,NM,N,100368
2024,10036,Eastern Community Bank of Baltimore,Eastern Community Bank of Baltimore - Baltimore Full Service,452 Main St,Baltimore,MD,15210,5300165,NM,N,100369
2024,10036,Eastern Community Bank of Baltimore,Eastern Community Bank of Baltimore - Baltimore Full Service,8127 Main St,Baltimore,MD,61563,2685506,NM,N,100370
2024,10036,Eastern Community Bank of Baltimore,Eastern Community Bank of Baltimore - Baltimore Full Service,5865 Main St,Baltimore,MD,56580,2861602,NM,N,100371
2024,10036,Eastern Community Bank of Baltimore,Eastern Community Bank of Baltimore - Baltimore Full Service,8312 Main St,Baltimore,MD,46159,5593196,NM,N,100372
2024,10036,Eastern Community Bank of Baltimore,Eastern Community Bank of Baltimore - Baltimore Full Service,6443 Main St,Baltimore,MD,13862,2486708,NM,N,100373
2024,10036,Eastern Community Bank of Baltimore,Eastern Community Bank of Baltimore - Baltimore Full Service,6536 Main St,Baltimore,MD,96105,2040830,NM,N,100374
2024,10036,Eastern Community Bank of Baltimore,Eastern Community Bank of Baltimore - Baltimore Full Service,8631 Main St,Baltimore,MD,98866,4473550,NM,N,100375
2024,10036,Eastern Community Bank of Baltimore,Eastern Community Bank of Baltimore - Baltimore Limited Service,2602 Main St,Baltimore,MD,65897,2413839,NM,N,100376
2024,10036,Eastern Community Bank of Baltimore,Eastern Community Bank of Baltimore - Baltimore Full Service,8983 Main St,Baltimore,MD,27271,2787990,NM,N,100377
2024,10036,Eastern Community Bank of Baltimore,Eastern Community Bank of Baltimore - Baltimore Full Service,8969 Main St,Baltimore,MD,99659,1985578,NM,N,100378
2024,10037,River Bank of Austin,River Bank of Austin Main,8682 Main St,Houston,TX,27727,253926,N,Y,100379
2024,10037,River Bank of Austin,River Bank of Austin - Houston Full Service,9354 Main St,Houston,TX,30715,391195,N,N,100380
2024,10038,Northern National Bank of Topeka,Northern National Bank of Topeka Main,2039 Main St,Wichita,KS,34134,42414,SA,Y,100381
2024,10038,Northern National Bank of Topeka,Northern National Bank of Topeka - Wichita Full Service,5321 Main St,Wichita,KS,64269,50497,SA,N,100382
2024,10038,Northern National Bank of Topeka,Northern National Bank of Topeka - Wichita Limited Service,4585 Main St,Wichita,KS,29917,36969,SA,N,100383
2024,10039,Lake Federal Savings of Stamford,Lake Federal Savings of Stamford Main,529 Main St,Hartford,CT,90213,15660,N,Y,100384
2024,10039,Lake Federal Savings of Stamford,Lake Federal Savings of Stamford - Hartford Full Service,3883 Main St,Hartford,CT,88166,30331,N,N,100385
2024,10040,Central Nebraska Federal Savings,Central Nebraska Federal Savings Main,5986 Main St,Omaha,NE,20417,389534,N,Y,100386
2024,10040,Central Nebraska Federal Savings,Central Nebraska Federal Savings - Omaha Full Service,7780 Main St,Omaha,NE,95140,318912,N,N,100387
2024,10041,Farmers Bank of Salt Lake City,Farmers Bank of Salt Lake City Main,8151 Main St,Salt Lake City,UT,72108,380560,NM,Y,100388
2024,10041,Farmers Bank of Salt Lake City,Farmers Bank of Salt Lake City - Salt Lake City Full Service,628 Main St,Salt Lake City,UT,63554,169048,NM,N,100389
2024,10041,Farmers Bank of Salt Lake City,Farmers Bank of Salt Lake City - Salt Lake City Limited Service,3746 Main St,Salt Lake City,UT,97993,412042,NM,N,100390
2024,10041,Farmers Bank of Salt Lake City,Farmers Bank of Salt Lake City - Salt Lake City Full Service,7297 Main St,Salt Lake City,UT,90879,128238,NM,N,100391
2024,10041,Farmers Bank of Salt Lake City,Farmers Bank of Salt Lake City - Salt Lake City Full Service,7596 Main St,Salt Lake City,UT,42346,211306,NM,N,100392
2024,10041,Farmers Bank of Salt Lake City,Farmers Bank of Salt Lake City - Salt Lake City Limited Service,6332 Main St,Salt Lake City,UT,51012,356190,NM,N,100393
2024,10041,Farmers Bank of Salt Lake City,Farmers Bank of Salt Lake City - Salt Lake City Full Service,9470 Main St,Salt Lake City,UT,87831,408492,NM,N,100394
2024,10041,Farmers Bank of Salt Lake City,Farmers Bank of Salt Lake City - Salt Lake City Full Service,7585 Main St,Salt Lake City,UT,15559,142100,NM,N,100395
2024,10042,Federal Savings Bank of Nashville,Federal Savings Bank of Nashville Main,743 Main St,Nashville,TN,83098,510802,N,Y,100396
2024,10042,Federal Savings Bank of Nashville,Federal Savings Bank of Nashville - Nashville Full Service,907 Main St,Nashville,TN,34884,426000,N,N,100397
2024,10042,Federal Savings Bank of Nashville,Federal Savings Bank of Nashville - Nashville Limited Service,5089 Main St,Nashville,TN,47475,283629,N,N,100398
2024,10042,Federal Savings Bank of Nashville,Federal Savings Bank of Nashville - Nashville Full Service,993 Main St,Nashville,TN,77760,293100,N,N,100399
2024,10042,Federal Savings Bank of Nashville,Federal Savings Bank of Nashville - Nashville Limited Service,7500 Main St,Nashville,TN,21854,451104,N,N,100400
2024,10042,Federal Savings Bank of Nashville,Federal Savings Bank of Nashville - Nashville Full Service,9052 Main St,Nashville,TN,27734,431263,N,N,100401
2024,10043,Allied Federal Bank of New Orleans,Allied Federal Bank of New Orleans Main,508 Main St,New Orleans,LA,33445,3102,NM,Y,100402
2024,10043,Allied Federal Bank of New Orleans,Allied Federal Bank of New Orleans - New Orleans Full Service,3408 Main St,New Orleans,LA,69596,5810,NM,N,100403
2024,10043,Allied Federal Bank of New Orleans,Allied Federal Bank of New Orleans - New Orleans Limited Service,2786 Main St,New Orleans,LA,26193,3105,NM,N,100404
2024,10043,Allied Federal Bank of New Orleans,Allied Federal Bank of New Orleans - New Orleans Full Service,6046 Main St,New Orleans,LA,21181,4910,NM,N,100405
2024,10044,Trust Bank & Trust of Charleston,Trust Bank & Trust of Charleston Main,8483 Main St,Charleston,WV,90225,18487,NM,Y,100406
2024,10044,Trust Bank & Trust of Charleston,Trust Bank & Trust of Charleston - Charleston Limited Service,819 Main St,Charleston,WV,32398,15409,NM,N,100407
2024,10044,Trust Bank & Trust of Charleston,Trust Bank & Trust of Charleston - Charleston Full Service,2559 Main St,Charleston,WV,31249,21005,NM,N,100408
2024,10044,Trust Bank & Trust of Charleston,Trust Bank & Trust of Charleston - Charleston Full Service,940 Main St,Charleston,WV,64995,19224,NM,N,100409
2024,10044,Trust Bank & Trust of Charleston,Trust Bank & Trust of Charleston - Charleston Limited Service,7411 Main St,Charleston,WV,47851,18544,NM,N,100410
2024,10045,Commerce Idaho Banking Group,Commerce Idaho Banking Group Main,3423 Main St,Boise,ID,10463,501697,NM,Y,100411
2024,10045,Commerce Idaho Banking Group,Commerce Idaho Banking Group - Boise Full Service,8269 Main St,Boise,ID,81237,322542,NM,N,100412
2024,10046,United Texas Banking Group,United Texas Banking Group Main,9747 Main St,Houston,TX,96438,30935,NM,Y,100413
2024,10047,Southern Federal Bank of Jacksonville,Southern Federal Bank of Jacksonville Main,1400 Main St,Miami,FL,88802,9992,N,Y,100414
2024,10047,Southern Federal Bank of Jacksonville,Southern Federal Bank of Jacksonville - Miami Full Service,4656 Main St,Miami,FL,91233,16337,N,N,100415
2024,10047,Southern Federal Bank of Jacksonville,Southern Federal Bank of Jacksonville - Miami Full Service,1002 Main St,Miami,FL,95626,6964,N,N,100416
2024,10047,Southern Federal Bank of Jacksonville,Southern Federal Bank of Jacksonville - Miami Full Service,631 Main St,Miami,FL,97424,6434,N,N,100417
2024,10048,Western National Bank of Dallas,Western National Bank of Dallas Main,1536 Main St,Houston,TX,16426,5443,N,Y,100418
2024,10048,Western National Bank of Dallas,Western National Bank of Dallas - Houston Limited Service,2743 Main St,Houston,TX,98092,10871,N,N,100419
2024,10048,Western National Bank of Dallas,Western National Bank of Dallas - Houston Full Service,9847 Main St,Houston,TX,85010,8145,N,N,100420
2024,10048,Western National Bank of Dallas,Western National Bank of Dallas - Houston Limited Service,6001 Main St,Houston,TX,14697,8869,N,N,100421
2024,10048,Western National Bank of Dallas,Western National Bank of Dallas - Houston Limited Service,6308 Main St,Houston,TX,18869,5375,N,N,100422
2024,10049,Capital Federal Savings of Sacramento,Capital Federal Savings of Sacramento Main,2304 Main St,San Francisco,CA,25993,122149,NM,Y,100423
2024,10049,Capital Federal Savings of Sacramento,Capital Federal Savings of Sacramento - San Francisco Limited Service,8695 Main St,San Francisco,CA,37504,167840,NM,N,100424
2024,10049,Capital Federal Savings of Sacramento,Capital Federal Savings of Sacramento - San Francisco Full Service,9461 Main St,San Francisco,CA,92441,76375,NM,N,100425
2024,10049,Capital Federal Savings of Sacramento,Capital Federal Savings of Sacramento - San Francisco Limited Service,4805 Main St,San Francisco,CA,65974,206274,NM,N,100426
2024,10050,Atlantic National Bank of Baton Rouge,Atlantic National Bank of Baton Rouge Main,9523 Main St,New Orleans,LA,91689,8284,SA,Y,100427
2024,10050,Atlantic National Bank of Baton Rouge,Atlantic National Bank of Baton Rouge - New Orleans Full Service,8232 Main St,New Orleans,LA,78118,13239,SA,N,100428
2024,10050,Atlantic National Bank of Baton Rouge,Atlantic National Bank of Baton Rouge - New Orleans Limited Service,3912 Main St,New Orleans,LA,48074,15945,SA,N,100429
2024,10050,Atlantic National Bank of Baton Rouge,Atlantic National Bank of Baton Rouge - New Orleans Full Service,7716 Main St,New Orleans,LA,91980,6308,SA,N,100430
2024,10050,Atlantic National Bank of Baton Rouge,Atlantic National Bank of Baton Rouge - New Orleans Full Service,6893 Main St,New Orleans,LA,64269,16505,SA,N,100431
2024,10051,First Bank & Trust of Nashville,First Bank & Trust of Nashville Main,3578 Main St,Nashville,TN,11480,193056,NM,Y,100432
2024,10052,Farmers Community Bank of Orlando,Farmers Community Bank of Orlando Main,1211 Main St,Miami,FL,50340,20706,SB,Y,100433
2024,10052,Farmers Community Bank of Orlando,Farmers Community Bank of Orlando - Miami Full Service,200 Main St,Miami,FL,24920,31119,SB,N,100434
2024,10053,Commerce California Financial,Commerce California Financial Main,9421 Main St,San Francisco,CA,90739,156628,NM,Y,100435
2024,10053,Commerce California Financial,Commerce California Financial - San Francisco Full Service,5636 Main St,San Francisco,CA,98142,113243,NM,N,100436
2024,10053,Commerce California Financial,Commerce California Financial - San Francisco Limited Service,2324 Main St,San Francisco,CA,73110,242783,NM,N,100437
2024,10054,Pacific Pennsylvania National Bank,Pacific Pennsylvania National Bank Main,8897 Main St,Philadelphia,PA,53923,617805,NM,Y,100438
2024,10054,Pacific Pennsylvania National Bank,Pacific Pennsylvania National Bank - Philadelphia Limited Service,1017 Main St,Philadelphia,PA,78298,635819,NM,N,100439
2024,10054,Pacific Pennsylvania National Bank,Pacific Pennsylvania National Bank - Philadelphia Full Service,5269 Main St,Philadelphia,PA,82768,533561,NM,N,100440
2024,10054,Pacific Pennsylvania National Bank,Pacific Pennsylvania National Bank - Philadelphia Full Service,5534 Main St,Philadelphia,PA,56346,459162,NM,N,100441
2024,10054,Pacific Pennsylvania National Bank,Pacific Pennsylvania National Bank - Philadelphia Full Service,610 Main St,Philadelphia,PA,54453,309455,NM,N,100442
2024,10055,Sovereign Federal Bank of Boise,Sovereign Federal Bank of Boise Main,6482 Main St,Boise,ID,34560,224620,N,Y,100443
2024,10055,Sovereign Federal Bank of Boise,Sovereign Federal Bank of Boise - Boise Limited Service,5252 Main St,Boise,ID,14145,257975,N,N,100444
2024,10055,Sovereign Federal Bank of Boise,Sovereign Federal Bank of Boise - Boise Limited Service,3993 Main St,Boise,ID,58704,104355,N,N,100445
2024,10055,Sovereign Federal Bank of Boise,Sovereign Federal Bank of Boise - Boise Limited Service,5053 Main St,Boise,ID,32939,136482,N,N,100446
2024,10055,Sovereign Federal Bank of Boise,Sovereign Federal Bank of Boise - Boise Limited Service,3411 Main St,Boise,ID,22137,277766,N,N,100447
2024,10055,Sovereign Federal Bank of Boise,Sovereign Federal Bank of Boise - Boise Full Service,8007 Main St,Boise,ID,75543,88989,N,N,100448
2024,10055,Sovereign Federal Bank of Boise,Sovereign Federal Bank of Boise - Boise Full Service,8021 Main St,Boise,ID,78632,167276,N,N,100449
2024,10055,Sovereign Federal Bank of Boise,Sovereign Federal Bank of Boise - Boise Limited Service,1709 Main St,Boise,ID,77652,118388,N,N,100450
2024,10055,Sovereign Federal Bank of Boise,Sovereign Federal Bank of Boise - Boise Full Service,7626 Main St,Boise,ID,60801,262770,N,N,100451
2024,10056,River New York Banking Group,River New York Banking Group Main,821 Main St,New York,NY,87894,48093,NM,Y,100452
2024,10056,River New York Banking Group,River New York Banking Group - New York Limited Service,855 Main St,New York,NY,23513,114048,NM,N,100453
2024,10056,River New York Banking Group,River New York Banking Group - New York Full Service,5214 Main St,New York,NY,93735,129823,NM,N,100454
2024,10056,River New York Banking Group,River New York Banking Group - New York Limited Service,4795 Main St,New York,NY,46261,76091,NM,N,100455
2024,10056,River New York Banking Group,River New York Banking Group - New York Limited Service,4567 Main St,New York,NY,29571,143158,NM,N,100456
2024,10057,Capital Trust Company of Omaha,Capital Trust Company of Omaha Main,9268 Main St,Omaha,NE,77378,17674,SA,Y,100457
2024,10057,Capital Trust Company of Omaha,Capital Trust Company of Omaha - Omaha Full Service,9100 Main St,Omaha,NE,51744,34570,SA,N,100458
2024,10058,Coastal Community Bank of Minneapolis,Coastal Community Bank of Minneapolis Main,4741 Main St,Minneapolis,MN,85246,1662632,NM,Y,100459
2024,10058,Coastal Community Bank of Minneapolis,Coastal Community Bank of Minneapolis - Minneapolis Full Service,5649 Main St,Minneapolis,MN,80854,526911,NM,N,100460
2024,10058,Coastal Community Bank of Minneapolis,Coastal Community Bank of Minneapolis - Minneapolis Full Service,7812 Main St,Minneapolis,MN,98538,603532,NM,N,100461
2024,10058,Coastal Community Bank of Minneapolis,Coastal Community Bank of Minneapolis - Minneapolis Full Service,1510 Main St,Minneapolis,MN,65897,933718,NM,N,100462
2024,10058,Coastal Community Bank of Minneapolis,Coastal Community Bank of Minneapolis - Minneapolis Full Service,9811 Main St,Minneapolis,MN,92505,1351884,NM,N,100463
2024,10058,Coastal Community Bank of Minneapolis,Coastal Community Bank of Minneapolis - Minneapolis Full Service,5544 Main St,Minneapolis,MN,35971,897284,NM,N,100464
2024,10058,Coastal Community Bank of Minneapolis,Coastal Community Bank of Minneapolis - Minneapolis Limited Service,1622 Main St,Minneapolis,MN,71377,1173603,NM,N,100465
2024,10059,United National Bank of Madison,United National Bank of Madison Main,7725 Main St,Milwaukee,WI,71675,86518,N,Y,100466
2024,10060,Capital Federal Savings of Austin,Capital Federal Savings of Austin Main,4327 Main St,Houston,TX,57638,73811,NM,Y,100467
2024,10060,Capital Federal Savings of Austin,Capital Federal Savings of Austin - Houston Full Service,5512 Main St,Houston,TX,52567,159821,NM,N,100468
2024,10061,Federal Banking Group of Charleston,Federal Banking Group of Charleston Main,7887 Main St,Charleston,WV,24796,5540,SB,Y,100469
2024,10061,Federal Banking Group of Charleston,Federal Banking Group of Charleston - Charleston Limited Service,2898 Main St,Charleston,WV,46996,12108,SB,N,100470
2024,10061,Federal Banking Group of Charleston,Federal Banking Group of Charleston - Charleston Full Service,8422 Main St,Charleston,WV,23491,13837,SB,N,100471
2024,10061,Federal Banking Group of Charleston,Federal Banking Group of Charleston - Charleston Full Service,5439 Main St,Charleston,WV,82895,17221,SB,N,100472
2024,10062,Sovereign Federal Bank of San Francisco,Sovereign Federal Bank of San Francisco Main,6666 Main St,San Francisco,CA,87402,1124539,SB,Y,100473
2024,10062,Sovereign Federal Bank of San Francisco,Sovereign Federal Bank of San Francisco - San Francisco Full Service,9077 Main St,San Francisco,CA,30843,1238968,SB,N,100474
2024,10062,Sovereign Federal Bank of San Francisco,Sovereign Federal Bank of San Francisco - San Francisco Limited Service,3511 Main St,San Francisco,CA,87459,518582,SB,N,100475
2024,10062,Sovereign Federal Bank of San Francisco,Sovereign Federal Bank of San Francisco - San Francisco Limited Service,5706 Main St,San Francisco,CA,81372,1169290,SB,N,100476
2024,10063,Citizens Arkansas Banking Group,Citizens Arkansas Banking Group Main,1376 Main St,Little Rock,AR,85260,16883,N,Y,100477
2024,10063,Citizens Arkansas Banking Group,Citizens Arkansas Banking Group - Little Rock Full Service,7684 Main St,Little Rock,AR,52647,15688,N,N,100478
2024,10064,Western Savings Bank of Portland,Western Savings Bank of Portland Main,2986 Main St,Portland,ME,50374,44327,N,Y,100479
2024,10064,Western Savings Bank of Portland,Western Savings Bank of Portland - Portland Full Service,9871 Main St,Portland,ME,59664,35742,N,N,100480
2024,10064,Western Savings Bank of Portland,Western Savings Bank of Portland - Portland Limited Service,1107 Main St,Portland,ME,21866,37535,N,N,100481
2024,10064,Western Savings Bank of Portland,Western Savings Bank of Portland - Portland Full Service,103 Main St,Portland,ME,29231,46830,N,N,100482
2024,10064,Western Savings Bank of Portland,Western Savings Bank of Portland - Portland Limited Service,6489 Main St,Portland,ME,90684,33171,N,N,100483
2024,10065,Capital Bank & Trust of Kansas City,Capital Bank & Trust of Kansas City Main,5287 Main St,St. Louis,MO,49286,285703,N,Y,100484
2024,10065,Capital Bank & Trust of Kansas City,Capital Bank & Trust of Kansas City - St. Louis Limited Service,5740 Main St,St. Louis,MO,21703,567693,N,N,100485
2024,10065,Capital Bank & Trust of Kansas City,Capital Bank & Trust of Kansas City - St. Louis Full Service,6722 Main St,St. Louis,MO,26718,712775,N,N,100486
2024,10065,Capital Bank & Trust of Kansas City,Capital Bank & Trust of Kansas City - St. Louis Full Service,9092 Main St,St. Louis,MO,16963,379437,N,N,100487
2024,10065,Capital Bank & Trust of Kansas City,Capital Bank & Trust of Kansas City - St. Louis Full Service,5985 Main St,St. Louis,MO,24378,482489,N,N,100488
2024,10065,Capital Bank & Trust of Kansas City,Capital Bank & Trust of Kansas City - St. Louis Full Service,9769 Main St,St. Louis,MO,61677,307076,N,N,100489
2024,10065,Capital Bank & Trust of Kansas City,Capital Bank & Trust of Kansas City - St. Louis Full Service,6351 Main St,St. Louis,MO,67041,386764,N,N,100490
2024,10065,Capital Bank & Trust of Kansas City,Capital Bank & Trust of Kansas City - St. Louis Full Service,2378 Main St,St. Louis,MO,34671,273682,N,N,100491
2024,10065,Capital Bank & Trust of Kansas City,Capital Bank & Trust of Kansas City - St. Louis Limited Service,2627 Main St,St. Louis,MO,47810,633675,N,N,100492
2024,10065,Capital Bank & Trust of Kansas City,Capital Bank & Trust of Kansas City - St. Louis Full Service,357 Main St,St. Louis,MO,28873,186293,N,N,100493
2024,10065,Capital Bank & Trust of Kansas City,Capital Bank & Trust of Kansas City - St. Louis Full Service,2324 Main St,St. Louis,MO,21097,415899,N,N,100494
2024,10065,Capital Bank & Trust of Kansas City,Capital Bank & Trust of Kansas City - St. Louis Full Service,7571 Main St,St. Louis,MO,89223,615301,N,N,100495
2024,10066,National Florida Bank,National Florida Bank Main,7048 Main St,Miami,FL,82358,38530,N,Y,100496
2024,10066,National Florida Bank,National Florida Bank - Miami Limited Service,3144 Main St,Miami,FL,65675,33684,N,N,100497
2024,10066,National Florida Bank,National Florida Bank - Miami Full Service,3978 Main St,Miami,FL,75762,40671,N,N,100498
2024,10066,National Florida Bank,National Florida Bank - Miami Limited Service,9542 Main St,Miami,FL,58099,61626,N,N,100499
2024,10067,Federal Bank of Reno,Federal Bank of Reno Main,6138 Main St,Las Vegas,NV,24832,73771,SA,Y,100500
2024,10068,Commerce Federal Bank of Richmond,Commerce Federal Bank of Richmond Main,1411 Main St,Richmond,VA,28623,14360,N,Y,100501
2024,10068,Commerce Federal Bank of Richmond,Commerce Federal Bank of Richmond - Richmond Limited Service,8674 Main St,Richmond,VA,89963,9428,N,N,100502
2024,10068,Commerce Federal Bank of Richmond,Commerce Federal Bank of Richmond - Richmond Full Service,1379 Main St,Richmond,VA,99662,8935,N,N,100503
2024,10068,Commerce Federal Bank of Richmond,Commerce Federal Bank of Richmond - Richmond Full Service,5728 Main St,Richmond,VA,80127,4281,N,N,100504
2024,10068,Commerce Federal Bank of Richmond,Commerce Federal Bank of Richmond - Richmond Limited Service,7787 Main St,Richmond,VA,85230,8730,N,N,100505
2024,10069,United Trust Company of New Orleans,United Trust Company of New Orleans Main,4927 Main St,New Orleans,LA,47907,214118,N,Y,100506
2024,10069,United Trust Company of New Orleans,United Trust Company of New Orleans - New Orleans Full Service,9891 Main St,New Orleans,LA,49855,320869,N,N,100507
2024,10069,United Trust Company of New Orleans,United Trust Company of New Orleans - New Orleans Full Service,9572 Main St,New Orleans,LA,32161,300354,N,N,100508
2024,10070,Mountain Banking Group of San Diego,Mountain Banking Group of San Diego Main,4880 Main St,San Francisco,CA,91830,37894,NM,Y,100509
2024,10070,Mountain Banking Group of San Diego,Mountain Banking Group of San Diego - San Francisco Limited Service,2177 Main St,San Francisco,CA,76269,31325,NM,N,100510
2024,10070,Mountain Banking Group of San Diego,Mountain Banking Group of San Diego - San Francisco Limited Service,4703 Main St,San Francisco,CA,46073,22414,NM,N,100511
2024,10070,Mountain Banking Group of San Diego,Mountain Banking Group of San Diego - San Francisco Full Service,9993 Main St,San Francisco,CA,32886,41153,NM,N,100512
2024,10070,Mountain Banking Group of San Diego,Mountain Banking Group of San Diego - San Francisco Full Service,2973 Main St,San Francisco,CA,44242,29865,NM,N,100513
2024,10071,Pioneer Banking Group of Spokane,Pioneer Banking Group of Spokane Main,8740 Main St,Seattle,WA,14337,6885,NM,Y,100514
2024,10071,Pioneer Banking Group of Spokane,Pioneer Banking Group of Spokane - Seattle Full Service,9857 Main St,Seattle,WA,30204,17417,NM,N,100515
2024,10072,Pioneer Financial of Milwaukee,Pioneer Financial of Milwaukee Main,3998 Main St,Milwaukee,WI,96594,20523,SB,Y,100516
2024,10072,Pioneer Financial of Milwaukee,Pioneer Financial of Milwaukee - Milwaukee Full Service,3554 Main St,Milwaukee,WI,85727,18053,SB,N,100517
2024,10072,Pioneer Financial of Milwaukee,Pioneer Financial of Milwaukee - Milwaukee Full Service,2000 Main St,Milwaukee,WI,16884,18141,SB,N,100518
2024,10072,Pioneer Financial of Milwaukee,Pioneer Financial of Milwaukee - Milwaukee Limited Service,5037 Main St,Milwaukee,WI,72425,13612,SB,N,100519
2024,10073,Pioneer Savings Bank of Jersey City,Pioneer Savings Bank of Jersey City Main,6490 Main St,Newark,NJ,72205,99402,SA,Y,100520
2024,10073,Pioneer Savings Bank of Jersey City,Pioneer Savings Bank of Jersey City - Newark Full Service,7222 Main St,Newark,NJ,11554,120399,SA,N,100521
2024,10073,Pioneer Savings Bank of Jersey City,Pioneer Savings Bank of Jersey City - Newark Limited Service,5272 Main St,Newark,NJ,79501,99709,SA,N,100522
2024,10073,Pioneer Savings Bank of Jersey City,Pioneer Savings Bank of Jersey City - Newark Full Service,5897 Main St,Newark,NJ,66595,174380,SA,N,100523
2024,10073,Pioneer Savings Bank of Jersey City,Pioneer Savings Bank of Jersey City - Newark Limited Service,1710 Main St,Newark,NJ,43468,84142,SA,N,100524
2024,10074,Valley South Carolina Federal Savings,Valley South Carolina Federal Savings Main,4061 Main St,Columbia,SC,98065,163786,N,Y,100525
2024,10074,Valley South Carolina Federal Savings,Valley South Carolina Federal Savings - Columbia Full Service,3047 Main St,Columbia,SC,51060,138283,N,N,100526
2024,10074,Valley South Carolina Federal Savings,Valley South Carolina Federal Savings - Columbia Full Service,1213 Main St,Columbia,SC,11567,70469,N,N,100527
2024,10074,Valley South Carolina Federal Savings,Valley South Carolina Federal Savings - Columbia Full Service,7406 Main St,Columbia,SC,56073,177012,N,N,100528
2024,10074,Valley South Carolina Federal Savings,Valley South Carolina Federal Savings - Columbia Full Service,3263 Main St,Columbia,SC,14461,127127,N,N,100529
2024,10075,Northern Virginia Bank & Trust,Northern Virginia Bank & Trust Main,9834 Main St,Richmond,VA,96062,21818,SA,Y,100530
2024,10076,Patriot Minnesota Savings Bank,Patriot Minnesota Savings Bank Main,2065 Main St,Minneapolis,MN,21322,51707,NM,Y,100531
2024,10076,Patriot Minnesota Savings Bank,Patriot Minnesota Savings Bank - Minneapolis Limited Service,9374 Main St,Minneapolis,MN,34217,49141,NM,N,100532
2024,10077,Merchants Connecticut Community Bank,Merchants Connecticut Community Bank Main,7750 Main St,Hartford,CT,96570,423590,NM,Y,100533
2024,10078,Western Ohio Community Bank,Western Ohio Community Bank Main,4628 Main St,Cleveland,OH,65965,65524,NM,Y,100534
2024,10079,Citizens National Bank of Manchester,Citizens National Bank of Manchester Main,1312 Main St,Manchester,NH,46344,899331,SB,Y,100535
2024,10079,Citizens National Bank of Manchester,Citizens National Bank of Manchester - Manchester Limited Service,1084 Main St,Manchester,NH,43847,1310820,SB,N,100536
2024,10079,Citizens National Bank of Manchester,Citizens National Bank of Manchester - Manchester Full Service,8156 Main St,Manchester,NH,36302,1405210,SB,N,100537
2024,10079,Citizens National Bank of Manchester,Citizens National Bank of Manchester - Manchester Full Service,1876 Main St,Manchester,NH,28857,1777268,SB,N,100538
2024,10079,Citizens National Bank of Manchester,Citizens National Bank of Manchester - Manchester Full Service,1840 Main St,Manchester,NH,67878,1720042,SB,N,100539
2024,10079,Citizens National Bank of Manchester,Citizens National Bank of Manchester - Manchester Full Service,1253 Main St,Manchester,NH,84887,668542,SB,N,100540
2024,10079,Citizens National Bank of Manchester,Citizens National Bank of Manchester - Manchester Limited Service,8254 Main St,Manchester,NH,29510,639315,SB,N,100541
2024,10079,Citizens National Bank of Manchester,Citizens National Bank of Manchester - Manchester Full Service,4465 Main St,Manchester,NH,29871,1811990,SB,N,100542
2024,10079,Citizens National Bank of Manchester,Citizens National Bank of Manchester - Manchester Limited Service,8544 Main St,Manchester,NH,74314,1648636,SB,N,100543
2024,10079,Citizens National Bank of Manchester,Citizens National Bank of Manchester - Manchester Limited Service,1248 Main St,Manchester,NH,80795,1338641,SB,N,100544
2024,10079,Citizens National Bank of Manchester,Citizens National Bank of Manchester - Manchester Full Service,7998 Main St,Manchester,NH,25886,1303254,SB,N,100545
2024,10079,Citizens National Bank of Manchester,Citizens National Bank of Manchester - Manchester Limited Service,6663 Main St,Manchester,NH,17234,1843275,SB,N,100546
2024,10079,Citizens National Bank of Manchester,Citizens National Bank of Manchester - Manchester Limited Service,5671 Main St,Manchester,NH,20545,1575982,SB,N,100547
2024,10079,Citizens National Bank of Manchester,Citizens National Bank of Manchester - Manchester Limited Service,2993 Main St,Manchester,NH,82676,1781461,SB,N,100548
2024,10079,Citizens National Bank of Manchester,Citizens National Bank of Manchester - Manchester Limited Service,4996 Main St,Manchester,NH,61131,1804960,SB,N,100549
2024,10079,Citizens National Bank of Manchester,Citizens National Bank of Manchester - Manchester Full Service,8070 Main St,Manchester,NH,21123,1855997,SB,N,100550
2024,10079,Citizens National Bank of Manchester,Citizens National Bank of Manchester - Manchester Full Service,684 Main St,Manchester,NH,35309,949260,SB,N,100551
2024,10079,Citizens National Bank of Manchester,Citizens National Bank of Manchester - Manchester Full Service,4007 Main St,Manchester,NH,74124,2414409,SB,N,100552
2024,10080,Farmers Indiana Trust Company,Farmers Indiana Trust Company Main,5141 Main St,Indianapolis,IN,75494,195393,NM,Y,100553
2024,10080,Farmers Indiana Trust Company,Farmers Indiana Trust Company - Indianapolis Full Service,1018 Main St,Indianapolis,IN,54265,64266,NM,N,100554
2024,10080,Farmers Indiana Trust Company,Farmers Indiana Trust Company - Indianapolis Limited Service,8670 Main St,Indianapolis,IN,70079,78346,NM,N,100555
2024,10080,Farmers Indiana Trust Company,Farmers Indiana Trust Company - Indianapolis Full Service,1280 Main St,Indianapolis,IN,14833,158365,NM,N,100556
2024,10081,Mountain Banking Group of San Antonio,Mountain Banking Group of San Antonio Main,7820 Main St,Houston,TX,91051,296253,SM,Y,100557
2024,10081,Mountain Banking Group of San Antonio,Mountain Banking Group of San Antonio - Houston Full Service,2238 Main St,Houston,TX,11882,310498,SM,N,100558
2024,10082,National Savings Bank of Nashville,National Savings Bank of Nashville Main,1694 Main St,Nashville,TN,69793,45537,N,Y,100559
2024,10082,National Savings Bank of Nashville,National Savings Bank of Nashville - Nashville Full Service,1842 Main St,Nashville,TN,24965,14613,N,N,100560
2024,10083,Sovereign Federal Bank of New York,Sovereign Federal Bank of New York Main,3420 Main St,New York,NY,65864,8730,NM,Y,100561
2024,10083,Sovereign Federal Bank of New York,Sovereign Federal Bank of New York - New York Full Service,5412 Main St,New York,NY,25833,22281,NM,N,100562
2024,10083,Sovereign Federal Bank of New York,Sovereign Federal Bank of New York - New York Limited Service,3593 Main St,New York,NY,15975,25761,NM,N,100563
2024,10083,Sovereign Federal Bank of New York,Sovereign Federal Bank of New York - New York Limited Service,4587 Main St,New York,NY,28512,8733,NM,N,100564
2024,10084,Valley Oklahoma Federal Bank,Valley Oklahoma Federal Bank Main,9167 Main St,Oklahoma City,OK,31627,15072,NM,Y,100565
2024,10084,Valley Oklahoma Federal Bank,Valley Oklahoma Federal Bank - Oklahoma City Full Service,766 Main St,Oklahoma City,OK,27481,18430,NM,N,100566
2024,10084,Valley Oklahoma Federal Bank,Valley Oklahoma Federal Bank - Oklahoma City Full Service,2684 Main St,Oklahoma City,OK,12048,13845,NM,N,100567
2024,10084,Valley Oklahoma Federal Bank,Valley Oklahoma Federal Bank - Oklahoma City Full Service,3039 Main St,Oklahoma City,OK,21683,4972,NM,N,100568
2024,10085,United Texas Trust Company,United Texas Trust Company Main,7898 Main St,Houston,TX,26632,34038,SA,Y,100569
2024,10085,United Texas Trust Company,United Texas Trust Company - Houston Full Service,8670 Main St,Houston,TX,69037,44192,SA,N,100570
2024,10085,United Texas Trust Company,United Texas Trust Company - Houston Full Service,716 Main St,Houston,TX,88154,57737,SA,N,100571
2024,10085,United Texas Trust Company,United Texas Trust Company - Houston Full Service,1542 Main St,Houston,TX,92207,37837,SA,N,100572
2024,10085,United Texas Trust Company,United Texas Trust Company - Houston Limited Service,9237 Main St,Houston,TX,40885,34154,SA,N,100573
2024,10086,Heritage Community Bank of Tulsa,Heritage Community Bank of Tulsa Main,1667 Main St,Oklahoma City,OK,91123,35582,N,Y,100574
2024,10086,Heritage Community Bank of Tulsa,Heritage Community Bank of Tulsa - Oklahoma City Full Service,7705 Main St,Oklahoma City,OK,92111,22667,N,N,100575
2024,10087,Capital Savings Bank of Tucson,Capital Savings Bank of Tucson Main,1946 Main St,Phoenix,AZ,29558,123327,NM,Y,100576
2024,10087,Capital Savings Bank of Tucson,Capital Savings Bank of Tucson - Phoenix Limited Service,806 Main St,Phoenix,AZ,17081,162666,NM,N,100577
2024,10088,River Iowa Federal Savings,River Iowa Federal Savings Main,4218 Main St,Des Moines,IA,53816,533607,SA,Y,100578
2024,10088,River Iowa Federal Savings,River Iowa Federal Savings - Des Moines Full Service,959 Main St,Des Moines,IA,80432,430243,SA,N,100579
2024,10088,River Iowa Federal Savings,River Iowa Federal Savings - Des Moines Full Service,8047 Main St,Des Moines,IA,77489,1099628,SA,N,100580
2024,10088,River Iowa Federal Savings,River Iowa Federal Savings - Des Moines Full Service,7387 Main St,Des Moines,IA,87687,1207335,SA,N,100581
2024,10088,River Iowa Federal Savings,River Iowa Federal Savings - Des Moines Limited Service,5436 Main St,Des Moines,IA,40154,522955,SA,N,100582
2024,10088,River Iowa Federal Savings,River Iowa Federal Savings - Des Moines Limited Service,3984 Main St,Des Moines,IA,64079,551487,SA,N,100583
2024,10088,River Iowa Federal Savings,River Iowa Federal Savings - Des Moines Limited Service,1304 Main St,Des Moines,IA,71733,1203685,SA,N,100584
2024,10088,River Iowa Federal Savings,River Iowa Federal Savings - Des Moines Full Service,2474 Main St,Des Moines,IA,38333,1202823,SA,N,100585
2024,10089,National Banking Group of Topeka,National Banking Group of Topeka Main,6219 Main St,Wichita,KS,27878,20462,SM,Y,100586
2024,10089,National Banking Group of Topeka,National Banking Group of Topeka - Wichita Full Service,5975 Main St,Wichita,KS,45349,21106,SM,N,100587
2024,10089,National Banking Group of Topeka,National Banking Group of Topeka - Wichita Limited Service,9417 Main St,Wichita,KS,17818,18427,SM,N,100588
2024,10089,National Banking Group of Topeka,National Banking Group of Topeka - Wichita Full Service,7727 Main St,Wichita,KS,70106,17783,SM,N,100589
2024,10089,National Banking Group of Topeka,National Banking Group of Topeka - Wichita Full Service,3702 Main St,Wichita,KS,48687,43760,SM,N,100590
2024,10090,Pacific Arizona Bank,Pacific Arizona Bank Main,2884 Main St,Phoenix,AZ,85775,14747,SA,Y,100591
2024,10090,Pacific Arizona Bank,Pacific Arizona Bank - Phoenix Full Service,8648 Main St,Phoenix,AZ,74122,9785,SA,N,100592
2024,10090,Pacific Arizona Bank,Pacific Arizona Bank - Phoenix Full Service,7681 Main St,Phoenix,AZ,46591,10596,SA,N,100593
2024,10090,Pacific Arizona Bank,Pacific Arizona Bank - Phoenix Full Service,4141 Main St,Phoenix,AZ,42483,10000,SA,N,100594
2024,10090,Pacific Arizona Bank,Pacific Arizona Bank - Phoenix Limited Service,9795 Main St,Phoenix,AZ,29525,11988,SA,N,100595
2024,10091,Coastal Bank of New York,Coastal Bank of New York Main,824 Main St,New York,NY,15250,7045,SB,Y,100596
2024,10091,Coastal Bank of New York,Coastal Bank of New York - New York Full Service,650 Main St,New York,NY,65797,10336,SB,N,100597
2024,10091,Coastal Bank of New York,Coastal Bank of New York - New York Limited Service,1705 Main St,New York,NY,69302,10721,SB,N,100598
2024,10091,Coastal Bank of New York,Coastal Bank of New York - New York Full Service,303 Main St,New York,NY,63296,3906,SB,N,100599
2024,10091,Coastal Bank of New York,Coastal Bank of New York - New York Full Service,4016 Main St,New York,NY,94887,6488,SB,N,100600
2024,10092,Northern Banking Group of Stamford,Northern Banking Group of Stamford Main,5094 Main St,Hartford,CT,31207,72074,NM,Y,100601
2024,10093,Southern Financial of Columbus,Southern Financial of Columbus Main,7698 Main St,Cleveland,OH,28169,24931,N,Y,100602
2024,10093,Southern Financial of Columbus,Southern Financial of Columbus - Cleveland Full Service,6168 Main St,Cleveland,OH,92157,21379,N,N,100603
2024,10093,Southern Financial of Columbus,Southern Financial of Columbus - Cleveland Full Service,1258 Main St,Cleveland,OH,60446,18401,N,N,100604
2024,10093,Southern Financial of Columbus,Southern Financial of Columbus - Cleveland Full Service,7077 Main St,Cleveland,OH,45361,6967,N,N,100605
2024,10094,Merchants Arkansas Financial,Merchants Arkansas Financial Main,1426 Main St,Little Rock,AR,91324,207086,SB,Y,100606
2024,10094,Merchants Arkansas Financial,Merchants Arkansas Financial - Little Rock Full Service,8533 Main St,Little Rock,AR,98428,233789,SB,N,100607
2024,10094,Merchants Arkansas Financial,Merchants Arkansas Financial - Little Rock Full Service,6089 Main St,Little Rock,AR,70994,82075,SB,N,100608
2024,10094,Merchants Arkansas Financial,Merchants Arkansas Financial - Little Rock Limited Service,9255 Main St,Little Rock,AR,18782,129267,SB,N,100609
2024,10094,Merchants Arkansas Financial,Merchants Arkansas Financial - Little Rock Full Service,4009 Main St,Little Rock,AR,80730,242842,SB,N,100610
2024,10095,Sovereign Bank & Trust of Worcester,Sovereign Bank & Trust of Worcester Main,9604 Main St,Boston,MA,37498,6847827,NM,Y,100611
2024,10095,Sovereign Bank & Trust of Worcester,Sovereign Bank & Trust of Worcester - Boston Limited Service,4480 Main St,Boston,MA,76003,4387651,NM,N,100612
2024,10095,Sovereign Bank & Trust of Worcester,Sovereign Bank & Trust of Worcester - Boston Limited Service,6208 Main St,Boston,MA,55249,2480161,NM,N,100613
2024,10095,Sovereign Bank & Trust of Worcester,Sovereign Bank & Trust of Worcester - Boston Limited Service,2110 Main St,Boston,MA,71625,5338919,NM,N,100614
2024,10095,Sovereign Bank & Trust of Worcester,Sovereign Bank & Trust of Worcester - Boston Limited Service,1175 Main St,Boston,MA,34687,6103198,NM,N,100615
2024,10095,Sovereign Bank & Trust of Worcester,Sovereign Bank & Trust of Worcester - Boston Full Service,3029 Main St,Boston,MA,47797,2644593,NM,N,100616
2024,10095,Sovereign Bank & Trust of Worcester,Sovereign Bank & Trust of Worcester - Boston Full Service,1935 Main St,Boston,MA,29392,3185632,NM,N,100617
2024,10095,Sovereign Bank & Trust of Worcester,Sovereign Bank & Trust of Worcester - Boston Full Service,8630 Main St,Boston,MA,92218,7727941,NM,N,100618
2024,10095,Sovereign Bank & Trust of Worcester,Sovereign Bank & Trust of Worcester - Boston Limited Service,8970 Main St,Boston,MA,27305,4795849,NM,N,100619
2024,10095,Sovereign Bank & Trust of Worcester,Sovereign Bank & Trust of Worcester - Boston Limited Service,451 Main St,Boston,MA,48209,4818830,NM,N,100620
2024,10095,Sovereign Bank & Trust of Worcester,Sovereign Bank & Trust of Worcester - Boston Full Service,3906 Main St,Boston,MA,78107,2272794,NM,N,100621
2024,10096,Patriot Banking Group of Minneapolis,Patriot Banking Group of Minneapolis Main,5446 Main St,Minneapolis,MN,73720,23019,N,Y,100622
2024,10096,Patriot Banking Group of Minneapolis,Patriot Banking Group of Minneapolis - Minneapolis Limited Service,2261 Main St,Minneapolis,MN,50172,16087,N,N,100623
2024,10096,Patriot Banking Group of Minneapolis,Patriot Banking Group of Minneapolis - Minneapolis Limited Service,6193 Main St,Minneapolis,MN,47767,14136,N,N,100624
2024,10097,Pacific Trust Company of Cheyenne,Pacific Trust Company of Cheyenne Main,7569 Main St,Cheyenne,WY,31805,18570,SM,Y,100625
2024,10098,First Trust Company of Orlando,First Trust Company of Orlando Main,4773 Main St,Miami,FL,33891,100118,N,Y,100626
2024,10098,First Trust Company of Orlando,First Trust Company of Orlando - Miami Full Service,2614 Main St,Miami,FL,31135,98303,N,N,100627
2024,10098,First Trust Company of Orlando,First Trust Company of Orlando - Miami Full Service,5287 Main St,Miami,FL,85304,35873,N,N,100628
2024,10098,First Trust Company of Orlando,First Trust Company of Orlando - Miami Limited Service,3122 Main St,Miami,FL,36890,56876,N,N,100629
2024,10098,First Trust Company of Orlando,First Trust Company of Orlando - Miami Full Service,5733 Main St,Miami,FL,29391,62292,N,N,100630
2024,10099,Valley Florida Savings Bank,Valley Florida Savings Bank Main,2763 Main St,Miami,FL,79945,89097,SA,Y,100631
2024,10099,Valley Florida Savings Bank,Valley Florida Savings Bank - Miami Full Service,6728 Main St,Miami,FL,75459,127928,SA,N,100632
2024,10099,Valley Florida Savings Bank,Valley Florida Savings Bank - Miami Limited Service,2656 Main St,Miami,FL,10562,128681,SA,N,100633
2024,10100,Pioneer Trust Company of Chicago,Pioneer Trust Company of Chicago Main,4942 Main St,Chicago,IL,72116,143204,NM,Y,100634
2024,10100,Pioneer Trust Company of Chicago,Pioneer Trust Company of Chicago - Chicago Full Service,9360 Main St,Chicago,IL,67947,146073,NM,N,100635
2024,10100,Pioneer Trust Company of Chicago,Pioneer Trust Company of Chicago - Chicago Full Service,7947 Main St,Chicago,IL,15253,65083,NM,N,100636
2024,10100,Pioneer Trust Company of Chicago,Pioneer Trust Company of Chicago - Chicago Full Service,5147 Main St,Chicago,IL,13250,129143,NM,N,100637
2024,10100,Pioneer Trust Company of Chicago,Pioneer Trust Company of Chicago - Chicago Full Service,7406 Main St,Chicago,IL,56844,171483,NM,N,100638
2024,10101,Southern Savings Bank of Savannah,Southern Savings Bank of Savannah Main,3297 Main St,Atlanta,GA,86471,16140,SB,Y,100639
2024,10102,Pacific Community Bank of Tulsa,Pacific Community Bank of Tulsa Main,4653 Main St,Oklahoma City,OK,35652,13007,SM,Y,100640
2024,10102,Pacific Community Bank of Tulsa,Pacific Community Bank of Tulsa - Oklahoma City Full Service,7398 Main St,Oklahoma City,OK,98744,10173,SM,N,100641
2024,10102,Pacific Community Bank of Tulsa,Pacific Community Bank of Tulsa - Oklahoma City Full Service,8135 Main St,Oklahoma City,OK,51649,8493,SM,N,100642
2024,10102,Pacific Community Bank of Tulsa,Pacific Community Bank of Tulsa - Oklahoma City Full Service,2523 Main St,Oklahoma City,OK,66051,8103,SM,N,100643
2024,10102,Pacific Community Bank of Tulsa,Pacific Community Bank of Tulsa - Oklahoma City Limited Service,4763 Main St,Oklahoma City,OK,55209,8241,SM,N,100644
2024,10103,Valley Delaware Trust Company,Valley Delaware Trust Company Main,9291 Main St,Wilmington,DE,21481,23076,NM,Y,100645
2024,10103,Valley Delaware Trust Company,Valley Delaware Trust Company - Wilmington Full Service,6909 Main St,Wilmington,DE,67999,21497,NM,N,100646
2024,10103,Valley Delaware Trust Company,Valley Delaware Trust Company - Wilmington Full Service,7044 Main St,Wilmington,DE,64289,20051,NM,N,100647
2024,10104,Liberty Trust Company of Sioux Falls,Liberty Trust Company of Sioux Falls Main,5068 Main St,Sioux Falls,SD,72208,185992,NM,Y,100648
2024,10104,Liberty Trust Company of Sioux Falls,Liberty Trust Company of Sioux Falls - Sioux Falls Full Service,9777 Main St,Sioux Falls,SD,59253,493857,NM,N,100649
2024,10105,Allied Ohio Financial,Allied Ohio Financial Main,4578 Main St,Cleveland,OH,64331,5745211,N,Y,100650
2024,10105,Allied Ohio Financial,Allied Ohio Financial - Cleveland Full Service,9404 Main St,Cleveland,OH,27947,6152509,N,N,100651
2024,10105,Allied Ohio Financial,Allied Ohio Financial - Cleveland Full Service,4842 Main St,Cleveland,OH,82596,9015576,N,N,100652
2024,10105,Allied Ohio Financial,Allied Ohio Financial - Cleveland Full Service,5047 Main St,Cleveland,OH,86704,8942217,N,N,100653
2024,10105,Allied Ohio Financial,Allied Ohio Financial - Cleveland Limited Service,7693 Main St,Cleveland,OH,39428,6904011,N,N,100654
2024,10105,Allied Ohio Financial,Allied Ohio Financial - Cleveland Full Service,5017 Main St,Cleveland,OH,93958,3769511,N,N,100655
2024,10105,Allied Ohio Financial,Allied Ohio Financial - Cleveland Full Service,4813 Main St,Cleveland,OH,64677,7635177,N,N,100656
2024,10105,Allied Ohio Financial,Allied Ohio Financial - Cleveland Limited Service,4109 Main St,Cleveland,OH,13728,9591877,N,N,100657
2024,10105,Allied Ohio Financial,Allied Ohio Financial - Cleveland Limited Service,1193 Main St,Cleveland,OH,88497,6391742,N,N,100658
2024,10105,Allied Ohio Financial,Allied Ohio Financial - Cleveland Full Service,7244 Main St,Cleveland,OH,43804,6294562,N,N,100659
2024,10106,Community Trust Company of St. Paul,Community Trust Company of St. Paul Main,9525 Main St,Minneapolis,MN,12299,35536,NM,Y,100660
2024,10106,Community Trust Company of St. Paul,Community Trust Company of St. Paul - Minneapolis Full Service,2494 Main St,Minneapolis,MN,51901,46020,NM,N,100661
2024,10106,Community Trust Company of St. Paul,Community Trust Company of St. Paul - Minneapolis Full Service,2775 Main St,Minneapolis,MN,16932,23580,NM,N,100662
2024,10106,Community Trust Company of St. Paul,Community Trust Company of St. Paul - Minneapolis Limited Service,5932 Main St,Minneapolis,MN,16385,37865,NM,N,100663
2024,10107,Commerce Trust Company of Worcester,Commerce Trust Company of Worcester Main,1358 Main St,Boston,MA,77353,171919,SB,Y,100664
2024,10107,Commerce Trust Company of Worcester,Commerce Trust Company of Worcester - Boston Full Service,1648 Main St,Boston,MA,88480,102915,SB,N,100665
2024,10107,Commerce Trust Company of Worcester,Commerce Trust Company of Worcester - Boston Full Service,5280 Main St,Boston,MA,99780,130679,SB,N,100666
2024,10108,Mountain Bank & Trust of Seattle,Mountain Bank & Trust of Seattle Main,6039 Main St,Seattle,WA,22561,1082141,N,Y,100667
2024,10108,Mountain Bank & Trust of Seattle,Mountain Bank & Trust of Seattle - Seattle Full Service,8589 Main St,Seattle,WA,46885,367765,N,N,100668
2024,10108,Mountain Bank & Trust of Seattle,Mountain Bank & Trust of Seattle - Seattle Limited Service,2771 Main St,Seattle,WA,23424,791684,N,N,100669
2024,10108,Mountain Bank & Trust of Seattle,Mountain Bank & Trust of Seattle - Seattle Full Service,3187 Main St,Seattle,WA,83224,888757,N,N,100670
2024,10108,Mountain Bank & Trust of Seattle,Mountain Bank & Trust of Seattle - Seattle Limited Service,1351 Main St,Seattle,WA,25278,843197,N,N,100671
2024,10108,Mountain Bank & Trust of Seattle,Mountain Bank & Trust of Seattle - Seattle Full Service,5204 Main St,Seattle,WA,57522,863408,N,N,100672
2024,10108,Mountain Bank & Trust of Seattle,Mountain Bank & Trust of Seattle - Seattle Limited Service,9891 Main St,Seattle,WA,78566,1299129,N,N,100673
2024,10109,Northern Federal Bank of New Orleans,Northern Federal Bank of New Orleans Main,571 Main St,New Orleans,LA,25544,11710,NM,Y,100674
2024,10109,Northern Federal Bank of New Orleans,Northern Federal Bank of New Orleans - New Orleans Full Service,2432 Main St,New Orleans,LA,39697,13360,NM,N,100675
2024,10109,Northern Federal Bank of New Orleans,Northern Federal Bank of New Orleans - New Orleans Full Service,1387 Main St,New Orleans,LA,65680,6097,NM,N,100676
2024,10110,Atlantic Trust Company of Oklahoma City,Atlantic Trust Company of Oklahoma City Main,8034 Main St,Oklahoma City,OK,66524,143252,SA,Y,100677
2024,10111,Farmers National Bank of Kansas City,Farmers National Bank of Kansas City Main,8512 Main St,St. Louis,MO,87748,433024,SB,Y,100678
2024,10112,Plains Federal Bank of Tulsa,Plains Federal Bank of Tulsa Main,4245 Main St,Oklahoma City,OK,15672,24982,N,Y,100679
2024,10113,Liberty Wisconsin Financial,Liberty Wisconsin Financial Main,1681 Main St,Milwaukee,WI,26225,75765,NM,Y,100680
2024,10114,Citizens Federal Savings of Providence,Citizens Federal Savings of Providence Main,5859 Main St,Providence,RI,13835,1815827,SM,Y,100681
2024,10114,Citizens Federal Savings of Providence,Citizens Federal Savings of Providence - Providence Full Service,4644 Main St,Providence,RI,85989,4132699,SM,N,100682
2024,10114,Citizens Federal Savings of Providence,Citizens Federal Savings of Providence - Providence Limited Service,8302 Main St,Providence,RI,90341,1730928,SM,N,100683
2024,10114,Citizens Federal Savings of Providence,Citizens Federal Savings of Providence - Providence Full Service,1723 Main St,Providence,RI,85777,3166718,SM,N,100684
2024,10114,Citizens Federal Savings of Providence,Citizens Federal Savings of Providence - Providence Full Service,3238 Main St,Providence,RI,46943,1928734,SM,N,100685
2024,10114,Citizens Federal Savings of Providence,Citizens Federal Savings of Providence - Providence Full Service,1716 Main St,Providence,RI,38051,1183397,SM,N,100686
2024,10114,Citizens Federal Savings of Providence,Citizens Federal Savings of Providence - Providence Limited Service,3133 Main St,Providence,RI,67627,3614958,SM,N,100687
2024,10114,Citizens Federal Savings of Providence,Citizens Federal Savings of Providence - Providence Full Service,6319 Main St,Providence,RI,65586,4093729,SM,N,100688
2024,10114,Citizens Federal Savings of Providence,Citizens Federal Savings of Providence - Providence Full Service,1948 Main St,Providence,RI,51193,1965730,SM,N,100689
2024,10114,Citizens Federal Savings of Providence,Citizens Federal Savings of Providence - Providence Limited Service,2326 Main St,Providence,RI,74987,1554849,SM,N,100690
2024,10114,Citizens Federal Savings of Providence,Citizens Federal Savings of Providence - Providence Full Service,765 Main St,Providence,RI,20780,2178524,SM,N,100691
2024,10114,Citizens Federal Savings of Providence,Citizens Federal Savings of Providence - Providence Limited Service,4746 Main St,Providence,RI,69892,1573796,SM,N,100692
2024,10114,Citizens Federal Savings of Providence,Citizens Federal Savings of Providence - Providence Full Service,7373 Main St,Providence,RI,39605,4589420,SM,N,100693
2024,10114,Citizens Federal Savings of Providence,Citizens Federal Savings of Providence - Providence Limited Service,7111 Main St,Providence,RI,34744,4620203,SM,N,100694
2024,10115,Eastern Minnesota Trust Company,Eastern Minnesota Trust Company Main,6120 Main St,Minneapolis,MN,33500,36547,NM,Y,100695
2024,10116,National Kansas Financial,National Kansas Financial Main,6594 Main St,Wichita,KS,67417,33717,NM,Y,100696
2024,10117,Plains Bank of Baton Rouge,Plains Bank of Baton Rouge Main,6568 Main St,New Orleans,LA,62510,8770,N,Y,100697
2024,10117,Plains Bank of Baton Rouge,Plains Bank of Baton Rouge - New Orleans Full Service,2864 Main St,New Orleans,LA,18481,24391,N,N,100698
2024,10117,Plains Bank of Baton Rouge,Plains Bank of Baton Rouge - New Orleans Full Service,9847 Main St,New Orleans,LA,62990,13022,N,N,100699
2024,10117,Plains Bank of Baton Rouge,Plains Bank of Baton Rouge - New Orleans Full Service,8277 Main St,New Orleans,LA,46505,22701,N,N,100700
2024,10117,Plains Bank of Baton Rouge,Plains Bank of Baton Rouge - New Orleans Full Service,5934 Main St,New Orleans,LA,72367,24739,N,N,100701
2024,10118,First Bank & Trust of Tucson,First Bank & Trust of Tucson Main,8479 Main St,Phoenix,AZ,46554,18190,N,Y,100702
2024,10118,First Bank & Trust of Tucson,First Bank & Trust of Tucson - Phoenix Limited Service,4207 Main St,Phoenix,AZ,74138,6078,N,N,100703
2024,10118,First Bank & Trust of Tucson,First Bank & Trust of Tucson - Phoenix Full Service,2305 Main St,Phoenix,AZ,13895,13244,N,N,100704
2024,10118,First Bank & Trust of Tucson,First Bank & Trust of Tucson - Phoenix Full Service,1217 Main St,Phoenix,AZ,75291,5318,N,N,100705
2024,10118,First Bank & Trust of Tucson,First Bank & Trust of Tucson - Phoenix Full Service,5456 Main St,Phoenix,AZ,30019,9860,N,N,100706
2024,10119,Central Kansas Trust Company,Central Kansas Trust Company Main,8618 Main St,Wichita,KS,74512,21849,NM,Y,100707
2024,10119,Central Kansas Trust Company,Central Kansas Trust Company - Wichita Full Service,8257 Main St,Wichita,KS,74258,12526,NM,N,100708
2024,10119,Central Kansas Trust Company,Central Kansas Trust Company - Wichita Full Service,8956 Main St,Wichita,KS,81646,13526,NM,N,100709
2024,10120,Federal Alabama Community Bank,Federal Alabama Community Bank Main,2051 Main St,Birmingham,AL,60283,598003,NM,Y,100710
2024,10121,Pioneer West Virginia Bank & Trust,Pioneer West Virginia Bank & Trust Main,7350 Main St,Charleston,WV,70248,10557,NM,Y,100711
2024,10121,Pioneer West Virginia Bank & Trust,Pioneer West Virginia Bank & Trust - Charleston Full Service,5065 Main St,Charleston,WV,31514,4540,NM,N,100712
2024,10121,Pioneer West Virginia Bank & Trust,Pioneer West Virginia Bank & Trust - Charleston Limited Service,6474 Main St,Charleston,WV,73891,4163,NM,N,100713
2024,10121,Pioneer West Virginia Bank & Trust,Pioneer West Virginia Bank & Trust - Charleston Full Service,9173 Main St,Charleston,WV,99833,8974,NM,N,100714
2024,10122,Atlantic Financial of Tulsa,Atlantic Financial of Tulsa Main,2660 Main St,Oklahoma City,OK,76412,15796,N,Y,100715
2024,10122,Atlantic Financial of Tulsa,Atlantic Financial of Tulsa - Oklahoma City Limited Service,9783 Main St,Oklahoma City,OK,59518,11648,N,N,100716
2024,10122,Atlantic Financial of Tulsa,Atlantic Financial of Tulsa - Oklahoma City Limited Service,561 Main St,Oklahoma City,OK,87393,12762,N,N,100717
2024,10122,Atlantic Financial of Tulsa,Atlantic Financial of Tulsa - Oklahoma City Full Service,5815 Main St,Oklahoma City,OK,86541,22843,N,N,100718
2024,10122,Atlantic Financial of Tulsa,Atlantic Financial of Tulsa - Oklahoma City Full Service,1694 Main St,Oklahoma City,OK,66118,13168,N,N,100719
2024,10123,Southern Bank of New York,Southern Bank of New York Main,1024 Main St,New York,NY,96670,140108,NM,Y,100720
2024,10123,Southern Bank of New York,Southern Bank of New York - New York Full Service,5213 Main St,New York,NY,87664,106775,NM,N,100721
2024,10123,Southern Bank of New York,Southern Bank of New York - New York Full Service,5095 Main St,New York,NY,25003,74980,NM,N,100722
2024,10124,National National Bank of Philadelphia,National National Bank of Philadelphia Main,5443 Main St,Philadelphia,PA,14899,48353,NM,Y,100723
2024,10124,National National Bank of Philadelphia,National National Bank of Philadelphia - Philadelphia Full Service,9406 Main St,Philadelphia,PA,77470,163901,NM,N,100724
2024,10124,National National Bank of Philadelphia,National National Bank of Philadelphia - Philadelphia Limited Service,7795 Main St,Philadelphia,PA,87068,48447,NM,N,100725
2024,10125,Liberty Pennsylvania Savings Bank,Liberty Pennsylvania Savings Bank Main,1701 Main St,Columbia,SC,74010,39660809,NM,Y,100726
2024,10125,Liberty Pennsylvania Savings Bank,Liberty Pennsylvania Savings Bank - Philadelphia Full Service,5604 Main St,Philadelphia,PA,75107,60991907,NM,N,100727
2024,10125,Liberty Pennsylvania Savings Bank,Liberty Pennsylvania Savings Bank - Columbia Full Service,6052 Main St,Columbia,SC,67146,57345895,NM,N,100728
2024,10125,Liberty Pennsylvania Savings Bank,Liberty Pennsylvania Savings Bank - Philadelphia Limited Service,1334 Main St,Philadelphia,PA,80232,58592795,NM,N,100729
2024,10125,Liberty Pennsylvania Savings Bank,Liberty Pennsylvania Savings Bank - Philadelphia Limited Service,4971 Main St,Philadelphia,PA,85172,36197278,NM,N,100730
2024,10125,Liberty Pennsylvania Savings Bank,Liberty Pennsylvania Savings Bank - Columbia Full Service,1606 Main St,Columbia,SC,85784,57935249,NM,N,100731
2024,10125,Liberty Pennsylvania Savings Bank,Liberty Pennsylvania Savings Bank - Philadelphia Full Service,1202 Main St,Philadelphia,PA,84242,40532747,NM,N,100732
2024,10125,Liberty Pennsylvania Savings Bank,Liberty Pennsylvania Savings Bank - Columbia Limited Service,1356 Main St,Columbia,SC,95398,32845657,NM,N,100733
2024,10125,Liberty Pennsylvania Savings Bank,Liberty Pennsylvania Savings Bank - Columbia Full Service,7192 Main St,Columbia,SC,96960,68794910,NM,N,100734
2024,10125,Liberty Pennsylvania Savings Bank,Liberty Pennsylvania Savings Bank - Columbia Full Service,4216 Main St,Columbia,SC,91915,45218598,NM,N,100735
2024,10125,Liberty Pennsylvania Savings Bank,Liberty Pennsylvania Savings Bank - Columbia Full Service,3058 Main St,Columbia,SC,12438,66334264,NM,N,100736
2024,10125,Liberty Pennsylvania Savings Bank,Liberty Pennsylvania Savings Bank - Philadelphia Full Service,7756 Main St,Philadelphia,PA,45118,50352806,NM,N,100737
2024,10125,Liberty Pennsylvania Savings Bank,Liberty Pennsylvania Savings Bank - Columbia Full Service,1081 Main St,Columbia,SC,78454,64106915,NM,N,100738
2024,10125,Liberty Pennsylvania Savings Bank,Liberty Pennsylvania Savings Bank - Philadelphia Limited Service,4038 Main St,Philadelphia,PA,29722,48132123,NM,N,100739
2024,10125,Liberty Pennsylvania Savings Bank,Liberty Pennsylvania Savings Bank - Columbia Limited Service,1155 Main St,Columbia,SC,93090,44973408,NM,N,100740
2024,10125,Liberty Pennsylvania Savings Bank,Liberty Pennsylvania Savings Bank - Philadelphia Limited Service,4802 Main St,Philadelphia,PA,94678,36304914,NM,N,100741
2024,10125,Liberty Pennsylvania Savings Bank,Liberty Pennsylvania Savings Bank - Philadelphia Limited Service,3968 Main St,Philadelphia,PA,63197,61702174,NM,N,100742
2024,10125,Liberty Pennsylvania Savings Bank,Liberty Pennsylvania Savings Bank - Philadelphia Full Service,553 Main St,Philadelphia,PA,42189,29230280,NM,N,100743
2024,10125,Liberty Pennsylvania Savings Bank,Liberty Pennsylvania Savings Bank - Columbia Limited Service,7245 Main St,Columbia,SC,65314,49516879,NM,N,100744
2024,10125,Liberty Pennsylvania Savings Bank,Liberty Pennsylvania Savings Bank - Philadelphia Full Service,2335 Main St,Philadelphia,PA,13819,29798576,NM,N,100745
2024,10125,Liberty Pennsylvania Savings Bank,Liberty Pennsylvania Savings Bank - Columbia Limited Service,2983 Main St,Columbia,SC,94448,59997562,NM,N,100746
2024,10125,Liberty Pennsylvania Savings Bank,Liberty Pennsylvania Savings Bank - Philadelphia Full Service,426 Main St,Philadelphia,PA,17251,49544677,NM,N,100747
2024,10125,Liberty Pennsylvania Savings Bank,Liberty Pennsylvania Savings Bank - Philadelphia Limited Service,1141 Main St,Philadelphia,PA,63347,56545843,NM,N,100748
2024,10125,Liberty Pennsylvania Savings Bank,Liberty Pennsylvania Savings Bank - Columbia Full Service,1579 Main St,Columbia,SC,62021,59922558,NM,N,100749
2024,10125,Liberty Pennsylvania Savings Bank,Liberty Pennsylvania Savings Bank - Philadelphia Full Service,8296 Main St,Philadelphia,PA,25812,26930188,NM,N,100750
2024,10125,Liberty Pennsylvania Savings Bank,Liberty Pennsylvania Savings Bank - Columbia Limited Service,4000 Main St,Columbia,SC,88619,73659903,NM,N,100751
2024,10125,Liberty Pennsylvania Savings Bank,Liberty Pennsylvania Savings Bank - Philadelphia Limited Service,9673 Main St,Philadelphia,PA,61111,40075984,NM,N,100752
2024,10125,Liberty Pennsylvania Savings Bank,Liberty Pennsylvania Savings Bank - Philadelphia Limited Service,1850 Main St,Philadelphia,PA,32957,33345790,NM,N,100753
2024,10125,Liberty Pennsylvania Savings Bank,Liberty Pennsylvania Savings Bank - Philadelphia Limited Service,4266 Main St,Philadelphia,PA,87264,46740374,NM,N,100754
2024,10125,Liberty Pennsylvania Savings Bank,Liberty Pennsylvania Savings Bank - Philadelphia Limited Service,1950 Main St,Philadelphia,PA,51482,52425275,NM,N,100755
2024,10126,Federal Federal Savings of Jacksonville,Federal Federal Savings of Jacksonville Main,4136 Main St,Miami,FL,46403,35234,N,Y,100756
2024,10126,Federal Federal Savings of Jacksonville,Federal Federal Savings of Jacksonville - Miami Limited Service,6125 Main St,Miami,FL,50392,35250,N,N,100757
2024,10126,Federal Federal Savings of Jacksonville,Federal Federal Savings of Jacksonville - Miami Full Service,670 Main St,Miami,FL,96798,56682,N,N,100758
2024,10126,Federal Federal Savings of Jacksonville,Federal Federal Savings of Jacksonville - Miami Full Service,4026 Main St,Miami,FL,43158,54530,N,N,100759
2024,10126,Federal Federal Savings of Jacksonville,Federal Federal Savings of Jacksonville - Miami Limited Service,6045 Main St,Miami,FL,99816,42388,N,N,100760
2024,10127,Western Bank of Wichita,Western Bank of Wichita Main,6464 Main St,Wichita,KS,11031,59250,SB,Y,100761
2024,10128,Trust Oklahoma Community Bank,Trust Oklahoma Community Bank Main,3957 Main St,Oklahoma City,OK,48983,16376,SB,Y,100762
2024,10128,Trust Oklahoma Community Bank,Trust Oklahoma Community Bank - Oklahoma City Full Service,5296 Main St,Oklahoma City,OK,94466,32255,SB,N,100763
2024,10128,Trust Oklahoma Community Bank,Trust Oklahoma Community Bank - Oklahoma City Full Service,1412 Main St,Oklahoma City,OK,74447,15682,SB,N,100764
2024,10128,Trust Oklahoma Community Bank,Trust Oklahoma Community Bank - Oklahoma City Full Service,5551 Main St,Oklahoma City,OK,65360,19269,SB,N,100765
2024,10129,Community Trust Company of Baltimore,Community Trust Company of Baltimore Main,8395 Main St,Baltimore,MD,18698,1068936,N,Y,100766
2024,10130,Heritage Financial of Kansas City,Heritage Financial of Kansas City Main,9073 Main St,St. Louis,MO,52830,16953,NM,Y,100767
2024,10130,Heritage Financial of Kansas City,Heritage Financial of Kansas City - St. Louis Full Service,953 Main St,St. Louis,MO,94066,6536,NM,N,100768
2024,10130,Heritage Financial of Kansas City,Heritage Financial of Kansas City - St. Louis Full Service,2329 Main St,St. Louis,MO,10403,14076,NM,N,100769
2024,10131,Sovereign Federal Savings of Indianapolis,Sovereign Federal Savings of Indianapolis Main,5240 Main St,Indianapolis,IN,85472,20037,SA,Y,100770
2024,10131,Sovereign Federal Savings of Indianapolis,Sovereign Federal Savings of Indianapolis - Indianapolis Full Service,8560 Main St,Indianapolis,IN,95089,10234,SA,N,100771
2024,10131,Sovereign Federal Savings of Indianapolis,Sovereign Federal Savings of Indianapolis - Indianapolis Full Service,5333 Main St,Indianapolis,IN,69177,21234,SA,N,100772
2024,10131,Sovereign Federal Savings of Indianapolis,Sovereign Federal Savings of Indianapolis - Indianapolis Full Service,2942 Main St,Indianapolis,IN,87728,9727,SA,N,100773
2024,10132,Pioneer Banking Group of Albany,Pioneer Banking Group of Albany Main,6891 Main St,New York,NY,58182,7766,NM,Y,100774
2024,10132,Pioneer Banking Group of Albany,Pioneer Banking Group of Albany - New York Limited Service,9445 Main St,New York,NY,39423,17660,NM,N,100775
2024,10132,Pioneer Banking Group of Albany,Pioneer Banking Group of Albany - New York Full Service,3847 Main St,New York,NY,21662,18342,NM,N,100776
2024,10133,Northern Federal Savings of Columbia,Northern Federal Savings of Columbia Main,2864 Main St,Columbia,SC,16525,124542,NM,Y,100777
2024,10133,Northern Federal Savings of Columbia,Northern Federal Savings of Columbia - Columbia Full Service,4362 Main St,Columbia,SC,29562,159516,NM,N,100778
2024,10133,Northern Federal Savings of Columbia,Northern Federal Savings of Columbia - Columbia Limited Service,9393 Main St,Columbia,SC,25381,105360,NM,N,100779
2024,10133,Northern Federal Savings of Columbia,Northern Federal Savings of Columbia - Columbia Full Service,7533 Main St,Columbia,SC,98291,179802,NM,N,100780
2024,10134,National Utah Financial,National Utah Financial Main,3428 Main St,Salt Lake City,UT,34975,95009,SB,Y,100781
2024,10134,National Utah Financial,National Utah Financial - Salt Lake City Limited Service,6359 Main St,Salt Lake City,UT,27065,183911,SB,N,100782
2024,10134,National Utah Financial,National Utah Financial - Salt Lake City Full Service,4736 Main St,Salt Lake City,UT,98760,158982,SB,N,100783
2024,10134,National Utah Financial,National Utah Financial - Salt Lake City Limited Service,2491 Main St,Salt Lake City,UT,13771,87495,SB,N,100784
2024,10134,National Utah Financial,National Utah Financial - Salt Lake City Limited Service,7488 Main St,Salt Lake City,UT,42547,96883,SB,N,100785
2024,10134,National Utah Financial,National Utah Financial - Salt Lake City Full Service,7606 Main St,Salt Lake City,UT,21237,173321,SB,N,100786
2024,10134,National Utah Financial,National Utah Financial - Salt Lake City Limited Service,5396 Main St,Salt Lake City,UT,62108,79462,SB,N,100787
2024,10134,National Utah Financial,National Utah Financial - Salt Lake City Full Service,7035 Main St,Salt Lake City,UT,88275,122093,SB,N,100788
2024,10134,National Utah Financial,National Utah Financial - Salt Lake City Full Service,1062 Main St,Salt Lake City,UT,16830,73002,SB,N,100789
2024,10134,National Utah Financial,National Utah Financial - Salt Lake City Full Service,5904 Main St,Salt Lake City,UT,89478,136985,SB,N,100790
2024,10135,Mountain Virginia Bank,Mountain Virginia Bank Main,8366 Main St,Richmond,VA,91219,7717,N,Y,100791
2024,10135,Mountain Virginia Bank,Mountain Virginia Bank - Richmond Limited Service,6176 Main St,Richmond,VA,27332,29867,N,N,100792
2024,10135,Mountain Virginia Bank,Mountain Virginia Bank - Richmond Full Service,2883 Main St,Richmond,VA,76027,11681,N,N,100793
2024,10135,Mountain Virginia Bank,Mountain Virginia Bank - Richmond Limited Service,2261 Main St,Richmond,VA,21750,27597,N,N,100794
2024,10135,Mountain Virginia Bank,Mountain Virginia Bank - Richmond Full Service,2423 Main St,Richmond,VA,44131,19680,N,N,100795
2024,10136,Coastal Idaho Financial,Coastal Idaho Financial Main,2195 Main St,Boise,ID,75432,29097,N,Y,100796
2024,10137,National Bank of Charlotte,National Bank of Charlotte Main,4735 Main St,Charlotte,NC,44500,29677,SM,Y,100797
2024,10137,National Bank of Charlotte,National Bank of Charlotte - Charlotte Full Service,2803 Main St,Charlotte,NC,51358,15228,SM,N,100798
2024,10137,National Bank of Charlotte,National Bank of Charlotte - Charlotte Full Service,7308 Main St,Charlotte,NC,16975,20946,SM,N,100799
2024,10138,Allied Financial of New Orleans,Allied Financial of New Orleans Main,3100 Main St,New Orleans,LA,14700,10564,N,Y,100800
2024,10138,Allied Financial of New Orleans,Allied Financial of New Orleans - New Orleans Limited Service,7753 Main St,New Orleans,LA,67203,13532,N,N,100801
2024,10139,Eastern Trust Company of Omaha,Eastern Trust Company of Omaha Main,5941 Main St,Omaha,NE,83512,73213,NM,Y,100802
2024,10140,Trust Savings Bank of Fargo,Trust Savings Bank of Fargo Main,2525 Main St,Fargo,ND,26207,9147,SM,Y,100803
2024,10140,Trust Savings Bank of Fargo,Trust Savings Bank of Fargo - Fargo Full Service,4754 Main St,Fargo,ND,33678,5945,SM,N,100804
2024,10140,Trust Savings Bank of Fargo,Trust Savings Bank of Fargo - Fargo Full Service,4569 Main St,Fargo,ND,83825,9321,SM,N,100805
2024,10140,Trust Savings Bank of Fargo,Trust Savings Bank of Fargo - Fargo Full Service,167 Main St,Fargo,ND,78945,14737,SM,N,100806
2024,10141,First Bank & Trust of Denver,First Bank & Trust of Denver Main,1358 Main St,Denver,CO,42264,27495,N,Y,100807
2024,10141,First Bank & Trust of Denver,First Bank & Trust of Denver - Denver Full Service,5484 Main St,Denver,CO,13402,15682,N,N,100808
2024,10141,First Bank & Trust of Denver,First Bank & Trust of Denver - Denver Full Service,2098 Main St,Denver,CO,61664,48212,N,N,100809
2024,10141,First Bank & Trust of Denver,First Bank & Trust of Denver - Denver Full Service,1837 Main St,Denver,CO,52406,46298,N,N,100810
2024,10141,First Bank & Trust of Denver,First Bank & Trust of Denver - Denver Full Service,7961 Main St,Denver,CO,69513,15197,N,N,100811
2024,10142,Community National Bank of Reno,Community National Bank of Reno Main,818 Main St,Las Vegas,NV,96005,68979,NM,Y,100812
2024,10142,Community National Bank of Reno,Community National Bank of Reno - Las Vegas Limited Service,9425 Main St,Las Vegas,NV,26950,133299,NM,N,100813
2024,10142,Community National Bank of Reno,Community National Bank of Reno - Las Vegas Full Service,4735 Main St,Las Vegas,NV,52358,118118,NM,N,100814
2024,10143,Trust Banking Group of Topeka,Trust Banking Group of Topeka Main,9967 Main St,Wichita,KS,59989,25210,N,Y,100815
2024,10144,Farmers Trust Company of Raleigh,Farmers Trust Company of Raleigh Main,4033 Main St,Charlotte,NC,62286,2867128,SM,Y,100816
2024,10144,Farmers Trust Company of Raleigh,Farmers Trust Company of Raleigh - Charlotte Full Service,2769 Main St,Charlotte,NC,60921,5776568,SM,N,100817
2024,10144,Farmers Trust Company of Raleigh,Farmers Trust Company of Raleigh - Charlotte Limited Service,2625 Main St,Charlotte,NC,25807,4776952,SM,N,100818
2024,10144,Farmers Trust Company of Raleigh,Farmers Trust Company of Raleigh - Charlotte Limited Service,5180 Main St,Charlotte,NC,99779,5526903,SM,N,100819
2024,10144,Farmers Trust Company of Raleigh,Farmers Trust Company of Raleigh - Charlotte Limited Service,6120 Main St,Charlotte,NC,77194,4866363,SM,N,100820
2024,10144,Farmers Trust Company of Raleigh,Farmers Trust Company of Raleigh - Charlotte Limited Service,6458 Main St,Charlotte,NC,72447,3794155,SM,N,100821
2024,10144,Farmers Trust Company of Raleigh,Farmers Trust Company of Raleigh - Charlotte Full Service,1578 Main St,Charlotte,NC,65382,4548812,SM,N,100822
2024,10144,Farmers Trust Company of Raleigh,Farmers Trust Company of Raleigh - Charlotte Full Service,7079 Main St,Charlotte,NC,22182,2531898,SM,N,100823
2024,10144,Farmers Trust Company of Raleigh,Farmers Trust Company of Raleigh - Charlotte Full Service,7694 Main St,Charlotte,NC,98662,3288946,SM,N,100824
2024,10144,Farmers Trust Company of Raleigh,Farmers Trust Company of Raleigh - Charlotte Full Service,2640 Main St,Charlotte,NC,74922,4967292,SM,N,100825
2024,10145,Eastern Washington Financial,Eastern Washington Financial Main,7265 Main St,Seattle,WA,20378,108492,N,Y,100826
2024,10145,Eastern Washington Financial,Eastern Washington Financial - Seattle Limited Service,2193 Main St,Seattle,WA,99694,83787,N,N,100827
2024,10145,Eastern Washington Financial,Eastern Washington Financial - Seattle Full Service,4941 Main St,Seattle,WA,84519,148894,N,N,100828
2024,10145,Eastern Washington Financial,Eastern Washington Financial - Seattle Full Service,838 Main St,Seattle,WA,77294,71257,N,N,100829
2024,10145,Eastern Washington Financial,Eastern Washington Financial - Seattle Full Service,1648 Main St,Seattle,WA,70903,131825,N,N,100830
2024,10146,Heritage Banking Group of Billings,Heritage Banking Group of Billings Main,9693 Main St,Billings,MT,20717,76089,NM,Y,100831
2024,10146,Heritage Banking Group of Billings,Heritage Banking Group of Billings - Billings Full Service,7683 Main St,Billings,MT,33534,118626,NM,N,100832
2024,10146,Heritage Banking Group of Billings,Heritage Banking Group of Billings - Billings Limited Service,6919 Main St,Billings,MT,49013,41822,NM,N,100833
2024,10146,Heritage Banking Group of Billings,Heritage Banking Group of Billings - Billings Full Service,7471 Main St,Billings,MT,91764,116812,NM,N,100834
2024,10146,Heritage Banking Group of Billings,Heritage Banking Group of Billings - Billings Limited Service,3166 Main St,Billings,MT,37665,143614,NM,N,100835
2024,10147,Merchants Trust Company of Norfolk,Merchants Trust Company of Norfolk Main,9996 Main St,Richmond,VA,43989,35952,SA,Y,100836
2024,10147,Merchants Trust Company of Norfolk,Merchants Trust Company of Norfolk - Richmond Limited Service,195 Main St,Richmond,VA,61764,28875,SA,N,100837
2024,10148,Lake Washington Financial,Lake Washington Financial Main,7639 Main St,Seattle,WA,63096,67350692,N,Y,100838
2024,10148,Lake Washington Financial,Lake Washington Financial - Seattle Limited Service,6010 Main St,Seattle,WA,98316,64810806,N,N,100839
2024,10148,Lake Washington Financial,Lake Washington Financial - Seattle Limited Service,2313 Main St,Seattle,WA,11818,28663971,N,N,100840
2024,10148,Lake Washington Financial,Lake Washington Financial - Seattle Full Service,3183 Main St,Seattle,WA,13514,78256567,N,N,100841
2024,10148,Lake Washington Financial,Lake Washington Financial - Seattle Limited Service,4061 Main St,Seattle,WA,67119,66861955,N,N,100842
2024,10148,Lake Washington Financial,Lake Washington Financial - Seattle Full Service,7692 Main St,Seattle,WA,29420,43186508,N,N,100843
2024,10148,Lake Washington Financial,Lake Washington Financial - Seattle Limited Service,2821 Main St,Seattle,WA,29978,24182367,N,N,100844
2024,10148,Lake Washington Financial,Lake Washington Financial - Seattle Limited Service,7464 Main St,Seattle,WA,86706,54800803,N,N,100845
2024,10148,Lake Washington Financial,Lake Washington Financial - Seattle Full Service,6518 Main St,Seattle,WA,16674,42772078,N,N,100846
2024,10148,Lake Washington Financial,Lake Washington Financial - Seattle Full Service,7174 Main St,Seattle,WA,64484,29687262,N,N,100847
2024,10148,Lake Washington Financial,Lake Washington Financial - Seattle Full Service,9181 Main St,Seattle,WA,48112,62098207,N,N,100848
2024,10148,Lake Washington Financial,Lake Washington Financial - Seattle Limited Service,8510 Main St,Seattle,WA,87468,49911301,N,N,100849
2024,10148,Lake Washington Financial,Lake Washington Financial - Seattle Full Service,8755 Main St,Seattle,WA,12492,71333264,N,N,100850
2024,10148,Lake Washington Financial,Lake Washington Financial - Seattle Full Service,1140 Main St,Seattle,WA,45107,44203256,N,N,100851
2024,10148,Lake Washington Financial,Lake Washington Financial - Seattle Limited Service,5781 Main St,Seattle,WA,68762,30659406,N,N,100852
2024,10148,Lake Washington Financial,Lake Washington Financial - Seattle Full Service,3249 Main St,Seattle,WA,71504,33682129,N,N,100853
2024,10148,Lake Washington Financial,Lake Washington Financial - Seattle Limited Service,3699 Main St,Seattle,WA,87025,38500874,N,N,100854
2024,10148,Lake Washington Financial,Lake Washington Financial - Seattle Full Service,7775 Main St,Seattle,WA,27191,80808979,N,N,100855
2024,10148,Lake Washington Financial,Lake Washington Financial - Seattle Full Service,6929 Main St,Seattle,WA,98225,71135451,N,N,100856
2024,10148,Lake Washington Financial,Lake Washington Financial - Seattle Limited Service,2754 Main St,Seattle,WA,91506,77152604,N,N,100857
2024,10148,Lake Washington Financial,Lake Washington Financial - Seattle Limited Service,1512 Main St,Seattle,WA,97432,69726818,N,N,100858
2024,10148,Lake Washington Financial,Lake Washington Financial - Seattle Full Service,2661 Main St,Seattle,WA,89396,34496333,N,N,100859
2024,10148,Lake Washington Financial,Lake Washington Financial - Seattle Full Service,8189 Main St,Seattle,WA,49800,76725499,N,N,100860
2024,10148,Lake Washington Financial,Lake Washington Financial - Seattle Full Service,397 Main St,Seattle,WA,57026,60611739,N,N,100861
2024,10148,Lake Washington Financial,Lake Washington Financial - Seattle Limited Service,2962 Main St,Seattle,WA,75991,68789233,N,N,100862
2024,10148,Lake Washington Financial,Lake Washington Financial - Seattle Full Service,1967 Main St,Seattle,WA,90945,45693390,N,N,100863
2024,10148,Lake Washington Financial,Lake Washington Financial - Seattle Full Service,8068 Main St,Seattle,WA,43793,60962469,N,N,100864
2024,10148,Lake Washington Financial,Lake Washington Financial - Seattle Limited Service,9226 Main St,Seattle,WA,45060,75083934,N,N,100865
2024,10148,Lake Washington Financial,Lake Washington Financial - Seattle Full Service,1806 Main St,Seattle,WA,16608,82187260,N,N,100866
2024,10148,Lake Washington Financial,Lake Washington Financial - Seattle Limited Service,1917 Main St,Seattle,WA,23879,88244012,N,N,100867
2024,10149,Western New Mexico Banking Group,Western New Mexico Banking Group Main,787 Main St,Albuquerque,NM,76493,7487,N,Y,100868
2024,10149,Western New Mexico Banking Group,Western New Mexico Banking Group - Albuquerque Full Service,3465 Main St,Albuquerque,NM,57400,6234,N,N,100869
2024,10149,Western New Mexico Banking Group,Western New Mexico Banking Group - Albuquerque Full Service,7333 Main St,Albuquerque,NM,76308,4047,N,N,100870
2024,10149,Western New Mexico Banking Group,Western New Mexico Banking Group - Albuquerque Full Service,2627 Main St,Albuquerque,NM,94815,7790,N,N,100871
2024,10149,Western New Mexico Banking Group,Western New Mexico Banking Group - Albuquerque Limited Service,2114 Main St,Albuquerque,NM,36462,7458,N,N,100872
2024,10150,Plains Nevada Trust Company,Plains Nevada Trust Company Main,207 Main St,Las Vegas,NV,42154,140107,N,Y,100873
2024,10150,Plains Nevada Trust Company,Plains Nevada Trust Company - Las Vegas Limited Service,2905 Main St,Las Vegas,NV,21171,78798,N,N,100874
2024,10150,Plains Nevada Trust Company,Plains Nevada Trust Company - Las Vegas Limited Service,6899 Main St,Las Vegas,NV,57270,133243,N,N,100875
2024,10150,Plains Nevada Trust Company,Plains Nevada Trust Company - Las Vegas Full Service,8777 Main St,Las Vegas,NV,65275,138072,N,N,100876
2024,10151,Merchants Hawaii Savings Bank,Merchants Hawaii Savings Bank Main,6873 Main St,Honolulu,HI,63648,47446,NM,Y,100877
2024,10151,Merchants Hawaii Savings Bank,Merchants Hawaii Savings Bank - Honolulu Full Service,6027 Main St,Honolulu,HI,13901,47147,NM,N,100878
2024,10152,Trust Delaware Bank & Trust,Trust Delaware Bank & Trust Main,8576 Main St,Wilmington,DE,19120,9994,NM,Y,100879
2024,10152,Trust Delaware Bank & Trust,Trust Delaware Bank & Trust - Wilmington Limited Service,2792 Main St,Wilmington,DE,66894,5870,NM,N,100880
2024,10152,Trust Delaware Bank & Trust,Trust Delaware Bank & Trust - Wilmington Limited Service,2573 Main St,Wilmington,DE,85308,9895,NM,N,100881
2024,10152,Trust Delaware Bank & Trust,Trust Delaware Bank & Trust - Wilmington Full Service,8616 Main St,Wilmington,DE,48761,11896,NM,N,100882
2024,10153,Farmers Banking Group of Honolulu,Farmers Banking Group of Honolulu Main,9170 Main St,Honolulu,HI,49888,139442,NM,Y,100883
2024,10153,Farmers Banking Group of Honolulu,Farmers Banking Group of Honolulu - Honolulu Limited Service,4683 Main St,Honolulu,HI,79178,39030,NM,N,100884
2024,10153,Farmers Banking Group of Honolulu,Farmers Banking Group of Honolulu - Honolulu Full Service,3460 Main St,Honolulu,HI,81358,84328,NM,N,100885
2024,10153,Farmers Banking Group of Honolulu,Farmers Banking Group of Honolulu - Honolulu Full Service,6727 Main St,Honolulu,HI,35859,77616,NM,N,100886
2024,10153,Farmers Banking Group of Honolulu,Farmers Banking Group of Honolulu - Honolulu Full Service,5580 Main St,Honolulu,HI,61117,42355,NM,N,100887
2024,10153,Farmers Banking Group of Honolulu,Farmers Banking Group of Honolulu - Honolulu Full Service,4751 Main St,Honolulu,HI,38014,151582,NM,N,100888
2024,10153,Farmers Banking Group of Honolulu,Farmers Banking Group of Honolulu - Honolulu Full Service,8641 Main St,Honolulu,HI,54657,101239,NM,N,100889
2024,10153,Farmers Banking Group of Honolulu,Farmers Banking Group of Honolulu - Honolulu Full Service,8946 Main St,Honolulu,HI,87660,41316,NM,N,100890
2024,10153,Farmers Banking Group of Honolulu,Farmers Banking Group of Honolulu - Honolulu Full Service,5079 Main St,Honolulu,HI,65410,133316,NM,N,100891
2024,10154,National Maine Bank & Trust,National Maine Bank & Trust Main,6210 Main St,Portland,ME,44046,17465,NM,Y,100892
2024,10154,National Maine Bank & Trust,National Maine Bank & Trust - Portland Full Service,2143 Main St,Portland,ME,68816,6247,NM,N,100893
2024,10154,National Maine Bank & Trust,National Maine Bank & Trust - Portland Full Service,7524 Main St,Portland,ME,54430,17545,NM,N,100894
2024,10154,National Maine Bank & Trust,National Maine Bank & Trust - Portland Full Service,9366 Main St,Portland,ME,92279,21679,NM,N,100895
2024,10154,National Maine Bank & Trust,National Maine Bank & Trust - Portland Limited Service,9484 Main St,Portland,ME,98137,10370,NM,N,100896
2024,10155,Pacific National Bank of Indianapolis,Pacific National Bank of Indianapolis Main,4157 Main St,Indianapolis,IN,23792,165592,N,Y,100897
2024,10155,Pacific National Bank of Indianapolis,Pacific National Bank of Indianapolis - Indianapolis Full Service,6019 Main St,Indianapolis,IN,69547,177765,N,N,100898
2024,10156,Coastal Wisconsin Community Bank,Coastal Wisconsin Community Bank Main,6851 Main St,Milwaukee,WI,20740,50837,SB,Y,100899
2024,10157,Liberty Community Bank of Colorado Springs,Liberty Community Bank of Colorado Springs Main,7902 Main St,Denver,CO,38152,124491918,N,Y,100900
2024,10157,Liberty Community Bank of Colorado Springs,Liberty Community Bank of Colorado Springs - Denver Full Service,8722 Main St,Denver,CO,62789,71589785,N,N,100901
2024,10157,Liberty Community Bank of Colorado Springs,Liberty Community Bank of Colorado Springs - Denver Limited Service,7037 Main St,Denver,CO,67682,93496823,N,N,100902
2024,10157,Liberty Community Bank of Colorado Springs,Liberty Community Bank of Colorado Springs - Denver Full Service,2768 Main St,Denver,CO,28919,133128326,N,N,100903
2024,10157,Liberty Community Bank of Colorado Springs,Liberty Community Bank of Colorado Springs - Denver Limited Service,2219 Main St,Denver,CO,77264,106421073,N,N,100904
2024,10157,Liberty Community Bank of Colorado Springs,Liberty Community Bank of Colorado Springs - Denver Full Service,7855 Main St,Denver,CO,14273,55628754,N,N,100905
2024,10157,Liberty Community Bank of Colorado Springs,Liberty Community Bank of Colorado Springs - Denver Full Service,2045 Main St,Denver,CO,88852,71593641,N,N,100906
2024,10157,Liberty Community Bank of Colorado Springs,Liberty Community Bank of Colorado Springs - Denver Full Service,9467 Main St,Denver,CO,47957,46277808,N,N,100907
2024,10157,Liberty Community Bank of Colorado Springs,Liberty Community Bank of Colorado Springs - Denver Full Service,6186 Main St,Denver,CO,49967,49582881,N,N,100908
2024,10157,Liberty Community Bank of Colorado Springs,Liberty Community Bank of Colorado Springs - Denver Limited Service,558 Main St,Denver,CO,28726,63916252,N,N,100909
2024,10157,Liberty Community Bank of Colorado Springs,Liberty Community Bank of Colorado Springs - Denver Full Service,5099 Main St,Denver,CO,47156,76935145,N,N,100910
2024,10157,Liberty Community Bank of Colorado Springs,Liberty Community Bank of Colorado Springs - Denver Full Service,8108 Main St,Denver,CO,10273,117422452,N,N,100911
2024,10157,Liberty Community Bank of Colorado Springs,Liberty Community Bank of Colorado Springs - Denver Full Service,832 Main St,Denver,CO,64732,69486266,N,N,100912
2024,10157,Liberty Community Bank of Colorado Springs,Liberty Community Bank of Colorado Springs - Denver Full Service,7511 Main St,Denver,CO,54279,65518001,N,N,100913
2024,10157,Liberty Community Bank of Colorado Springs,Liberty Community Bank of Colorado Springs - Denver Limited Service,2275 Main St,Denver,CO,28156,118984906,N,N,100914
2024,10157,Liberty Community Bank of Colorado Springs,Liberty Community Bank of Colorado Springs - Denver Limited Service,2540 Main St,Denver,CO,52626,101945122,N,N,100915
2024,10157,Liberty Community Bank of Colorado Springs,Liberty Community Bank of Colorado Springs - Denver Full Service,6811 Main St,Denver,CO,60755,101668145,N,N,100916
2024,10157,Liberty Community Bank of Colorado Springs,Liberty Community Bank of Colorado Springs - Denver Limited Service,850 Main St,Denver,CO,97876,68502932,N,N,100917
2024,10157,Liberty Community Bank of Colorado Springs,Liberty Community Bank of Colorado Springs - Denver Full Service,1550 Main St,Denver,CO,31707,62224268,N,N,100918
2024,10157,Liberty Community Bank of Colorado Springs,Liberty Community Bank of Colorado Springs - Denver Full Service,5160 Main St,Denver,CO,83537,98163878,N,N,100919
2024,10157,Liberty Community Bank of Colorado Springs,Liberty Community Bank of Colorado Springs - Denver Full Service,3252 Main St,Denver,CO,91094,90954603,N,N,100920
2024,10157,Liberty Community Bank of Colorado Springs,Liberty Community Bank of Colorado Springs - Denver Full Service,7896 Main St,Denver,CO,75881,87123688,N,N,100921
2024,10157,Liberty Community Bank of Colorado Springs,Liberty Community Bank of Colorado Springs - Denver Full Service,8813 Main St,Denver,CO,33559,101031555,N,N,100922
2024,10157,Liberty Community Bank of Colorado Springs,Liberty Community Bank of Colorado Springs - Denver Limited Service,4118 Main St,Denver,CO,85963,114124517,N,N,100923
2024,10157,Liberty Community Bank of Colorado Springs,Liberty Community Bank of Colorado Springs - Denver Full Service,5349 Main St,Denver,CO,62664,116178998,N,N,100924
2024,10157,Liberty Community Bank of Colorado Springs,Liberty Community Bank of Colorado Springs - Denver Limited Service,481 Main St,Denver,CO,54558,121788306,N,N,100925
2024,10157,Liberty Community Bank of Colorado Springs,Liberty Community Bank of Colorado Springs - Denver Full Service,8749 Main St,Denver,CO,51599,76240209,N,N,100926
2024,10157,Liberty Community Bank of Colorado Springs,Liberty Community Bank of Colorado Springs - Denver Limited Service,1727 Main St,Denver,CO,81012,43237314,N,N,100927
2024,10157,Liberty Community Bank of Colorado Springs,Liberty Community Bank of Colorado Springs - Denver Limited Service,4287 Main St,Denver,CO,21747,48638347,N,N,100928
2024,10157,Liberty Community Bank of Colorado Springs,Liberty Community Bank of Colorado Springs - Denver Limited Service,2872 Main St,Denver,CO,17721,130977685,N,N,100929
2024,10158,Heritage National Bank of New York,Heritage National Bank of New York Main,1058 Main St,New York,NY,49062,79203,SA,Y,100930
2024,10158,Heritage National Bank of New York,Heritage National Bank of New York - New York Full Service,6863 Main St,New York,NY,52495,100525,SA,N,100931
2024,10158,Heritage National Bank of New York,Heritage National Bank of New York - New York Limited Service,2081 Main St,New York,NY,16799,196152,SA,N,100932
2024,10158,Heritage National Bank of New York,Heritage National Bank of New York - New York Full Service,9701 Main St,New York,NY,40997,167005,SA,N,100933
2024,10158,Heritage National Bank of New York,Heritage National Bank of New York - New York Full Service,6408 Main St,New York,NY,25083,167044,SA,N,100934
2024,10159,Community Federal Savings of Portland,Community Federal Savings of Portland Main,9162 Main St,Portland,OR,63356,899378,N,Y,100935
2024,10159,Community Federal Savings of Portland,Community Federal Savings of Portland - Portland Limited Service,3929 Main St,Portland,OR,12440,499932,N,N,100936
2024,10159,Community Federal Savings of Portland,Community Federal Savings of Portland - Portland Full Service,1763 Main St,Portland,OR,42285,1789743,N,N,100937
2024,10159,Community Federal Savings of Portland,Community Federal Savings of Portland - Portland Limited Service,7406 Main St,Portland,OR,20998,1244281,N,N,100938
2024,10159,Community Federal Savings of Portland,Community Federal Savings of Portland - Portland Full Service,2855 Main St,Portland,OR,42133,975241,N,N,100939
2024,10159,Community Federal Savings of Portland,Community Federal Savings of Portland - Portland Full Service,116 Main St,Portland,OR,70902,1083493,N,N,100940
2024,10159,Community Federal Savings of Portland,Community Federal Savings of Portland - Portland Full Service,108 Main St,Portland,OR,17887,1801621,N,N,100941
2024,10160,Pioneer Trust Company of Anchorage,Pioneer Trust Company of Anchorage Main,6328 Main St,Anchorage,AK,56061,17802,N,Y,100942
2024,10160,Pioneer Trust Company of Anchorage,Pioneer Trust Company of Anchorage - Anchorage Full Service,4709 Main St,Anchorage,AK,15961,22444,N,N,100943
2024,10160,Pioneer Trust Company of Anchorage,Pioneer Trust Company of Anchorage - Anchorage Full Service,1245 Main St,Anchorage,AK,49405,16583,N,N,100944
2024,10160,Pioneer Trust Company of Anchorage,Pioneer Trust Company of Anchorage - Anchorage Limited Service,2388 Main St,Anchorage,AK,82938,19725,N,N,100945
2024,10161,National Community Bank of Atlanta,National Community Bank of Atlanta Main,8370 Main St,Atlanta,GA,51720,161354,N,Y,100946
2024,10161,National Community Bank of Atlanta,National Community Bank of Atlanta - Atlanta Full Service,7517 Main St,Atlanta,GA,45784,176331,N,N,100947
2024,10161,National Community Bank of Atlanta,National Community Bank of Atlanta - Atlanta Full Service,5697 Main St,Atlanta,GA,37606,390309,N,N,100948
2024,10162,Central Trust Company of Newark,Central Trust Company of Newark Main,2290 Main St,Newark,NJ,94730,2393,SM,Y,100949
2024,10162,Central Trust Company of Newark,Central Trust Company of Newark - Newark Full Service,256 Main St,Newark,NJ,98172,5550,SM,N,100950
2024,10162,Central Trust Company of Newark,Central Trust Company of Newark - Newark Limited Service,8111 Main St,Newark,NJ,61483,6093,SM,N,100951
2024,10162,Central Trust Company of Newark,Central Trust Company of Newark - Newark Full Service,8925 Main St,Newark,NJ,14056,6747,SM,N,100952
2024,10163,Patriot Vermont Banking Group,Patriot Vermont Banking Group Main,6266 Main St,Burlington,VT,88815,6752,SA,Y,100953
2024,10163,Patriot Vermont Banking Group,Patriot Vermont Banking Group - Burlington Limited Service,238 Main St,Burlington,VT,26353,5022,SA,N,100954
2024,10163,Patriot Vermont Banking Group,Patriot Vermont Banking Group - Burlington Limited Service,7383 Main St,Burlington,VT,11227,12491,SA,N,100955
2024,10163,Patriot Vermont Banking Group,Patriot Vermont Banking Group - Burlington Full Service,4706 Main St,Burlington,VT,99201,3474,SA,N,100956
2024,10164,Plains Louisiana National Bank,Plains Louisiana National Bank Main,5067 Main St,New Orleans,LA,38986,124067,SM,Y,100957
2024,10164,Plains Louisiana National Bank,Plains Louisiana National Bank - New Orleans Limited Service,702 Main St,New Orleans,LA,46799,381209,SM,N,100958
2024,10164,Plains Louisiana National Bank,Plains Louisiana National Bank - New Orleans Full Service,3525 Main St,New Orleans,LA,10935,304908,SM,N,100959
2024,10165,Pioneer Federal Savings of Omaha,Pioneer Federal Savings of Omaha Main,4644 Main St,Omaha,NE,84593,122445,SB,Y,100960
2024,10165,Pioneer Federal Savings of Omaha,Pioneer Federal Savings of Omaha - Omaha Full Service,9368 Main St,Omaha,NE,98103,243942,SB,N,100961
2024,10166,Federal Alabama Federal Savings,Federal Alabama Federal Savings Main,2201 Main St,Birmingham,AL,18526,5701,NM,Y,100962
2024,10166,Federal Alabama Federal Savings,Federal Alabama Federal Savings - Birmingham Limited Service,3834 Main St,Birmingham,AL,78561,18117,NM,N,100963
2024,10166,Federal Alabama Federal Savings,Federal Alabama Federal Savings - Birmingham Full Service,478 Main St,Birmingham,AL,98832,16889,NM,N,100964
2024,10166,Federal Alabama Federal Savings,Federal Alabama Federal Savings - Birmingham Full Service,7537 Main St,Birmingham,AL,10256,12776,NM,N,100965
2024,10166,Federal Alabama Federal Savings,Federal Alabama Federal Savings - Birmingham Full Service,949 Main St,Birmingham,AL,52336,14392,NM,N,100966
2024,10167,Farmers Community Bank of Portland,Farmers Community Bank of Portland Main,8591 Main St,Portland,OR,71156,101548,SM,Y,100967
2024,10167,Farmers Community Bank of Portland,Farmers Community Bank of Portland - Portland Limited Service,812 Main St,Portland,OR,39431,142214,SM,N,100968
2024,10167,Farmers Community Bank of Portland,Farmers Community Bank of Portland - Portland Limited Service,8823 Main St,Portland,OR,68833,209281,SM,N,100969
2024,10167,Farmers Community Bank of Portland,Farmers Community Bank of Portland - Portland Full Service,5583 Main St,Portland,OR,20722,121248,SM,N,100970
2024,10168,Central Trust Company of Mobile,Central Trust Company of Mobile Main,3796 Main St,Birmingham,AL,65550,17807,NM,Y,100971
2024,10168,Central Trust Company of Mobile,Central Trust Company of Mobile - Birmingham Full Service,5494 Main St,Birmingham,AL,50737,7133,NM,N,100972
2024,10168,Central Trust Company of Mobile,Central Trust Company of Mobile - Birmingham Full Service,556 Main St,Birmingham,AL,72910,12897,NM,N,100973
2024,10168,Central Trust Company of Mobile,Central Trust Company of Mobile - Birmingham Full Service,5577 Main St,Birmingham,AL,42821,12456,NM,N,100974
2024,10168,Central Trust Company of Mobile,Central Trust Company of Mobile - Birmingham Full Service,5683 Main St,Birmingham,AL,17134,10856,NM,N,100975
2024,10169,Federal Federal Bank of San Diego,Federal Federal Bank of San Diego Main,9929 Main St,San Francisco,CA,91207,259678,NM,Y,100976
2024,10169,Federal Federal Bank of San Diego,Federal Federal Bank of San Diego - San Francisco Full Service,9585 Main St,San Francisco,CA,26361,194966,NM,N,100977
2024,10169,Federal Federal Bank of San Diego,Federal Federal Bank of San Diego - San Francisco Full Service,6283 Main St,San Francisco,CA,51062,254221,NM,N,100978
2024,10170,Mountain Arkansas Savings Bank,Mountain Arkansas Savings Bank Main,7340 Main St,Little Rock,AR,17181,10316,NM,Y,100979
2024,10171,Southern Financial of Fort Wayne,Southern Financial of Fort Wayne Main,1014 Main St,Indianapolis,IN,83303,473601,SB,Y,100980
2024,10171,Southern Financial of Fort Wayne,Southern Financial of Fort Wayne - Indianapolis Limited Service,6681 Main St,Indianapolis,IN,22560,1404064,SB,N,100981
2024,10171,Southern Financial of Fort Wayne,Southern Financial of Fort Wayne - Indianapolis Full Service,273 Main St,Indianapolis,IN,69429,1421452,SB,N,100982
2024,10171,Southern Financial of Fort Wayne,Southern Financial of Fort Wayne - Indianapolis Limited Service,1759 Main St,Indianapolis,IN,54514,1339080,SB,N,100983
2024,10171,Southern Financial of Fort Wayne,Southern Financial of Fort Wayne - Indianapolis Limited Service,9730 Main St,Indianapolis,IN,35228,1009261,SB,N,100984
2024,10171,Southern Financial of Fort Wayne,Southern Financial of Fort Wayne - Indianapolis Full Service,1206 Main St,Indianapolis,IN,87710,410116,SB,N,100985
2024,10171,Southern Financial of Fort Wayne,Southern Financial of Fort Wayne - Indianapolis Full Service,8437 Main St,Indianapolis,IN,43591,545025,SB,N,100986
2024,10171,Southern Financial of Fort Wayne,Southern Financial of Fort Wayne - Indianapolis Limited Service,7384 Main St,Indianapolis,IN,34369,966765,SB,N,100987
2024,10171,Southern Financial of Fort Wayne,Southern Financial of Fort Wayne - Indianapolis Full Service,1091 Main St,Indianapolis,IN,26735,1341288,SB,N,100988
2024,10171,Southern Financial of Fort Wayne,Southern Financial of Fort Wayne - Indianapolis Full Service,5961 Main St,Indianapolis,IN,50788,912713,SB,N,100989
2024,10171,Southern Financial of Fort Wayne,Southern Financial of Fort Wayne - Indianapolis Full Service,9984 Main St,Indianapolis,IN,54944,952673,SB,N,100990
2024,10171,Southern Financial of Fort Wayne,Southern Financial of Fort Wayne - Indianapolis Limited Service,8581 Main St,Indianapolis,IN,86865,1546862,SB,N,100991
2024,10171,Southern Financial of Fort Wayne,Southern Financial of Fort Wayne - Indianapolis Full Service,9266 Main St,Indianapolis,IN,17157,677219,SB,N,100992
2024,10171,Southern Financial of Fort Wayne,Southern Financial of Fort Wayne - Indianapolis Limited Service,3382 Main St,Indianapolis,IN,93958,627405,SB,N,100993
2024,10171,Southern Financial of Fort Wayne,Southern Financial of Fort Wayne - Indianapolis Full Service,7894 Main St,Indianapolis,IN,71263,800821,SB,N,100994
2024,10171,Southern Financial of Fort Wayne,Southern Financial of Fort Wayne - Indianapolis Full Service,5599 Main St,Indianapolis,IN,90753,1067267,SB,N,100995
2024,10171,Southern Financial of Fort Wayne,Southern Financial of Fort Wayne - Indianapolis Limited Service,1817 Main St,Indianapolis,IN,69546,785475,SB,N,100996
2024,10172,Eastern Federal Savings of Cleveland,Eastern Federal Savings of Cleveland Main,160 Main St,Cleveland,OH,93724,434743,N,Y,100997
2024,10173,Commerce Financial of Hartford,Commerce Financial of Hartford Main,3592 Main St,Hartford,CT,41328,9736,SA,Y,100998
2024,10173,Commerce Financial of Hartford,Commerce Financial of Hartford - Hartford Full Service,5531 Main St,Hartford,CT,59271,13410,SA,N,100999
2024,10174,Plains Florida Community Bank,Plains Florida Community Bank Main,210 Main St,Miami,FL,57555,125403,SM,Y,101000
2024,10174,Plains Florida Community Bank,Plains Florida Community Bank - Miami Full Service,9188 Main St,Miami,FL,25098,167475,SM,N,101001
2024,10175,Pioneer South Dakota Trust Company,Pioneer South Dakota Trust Company Main,9695 Main St,Sioux Falls,SD,57174,22918,NM,Y,101002
2024,10175,Pioneer South Dakota Trust Company,Pioneer South Dakota Trust Company - Sioux Falls Full Service,4754 Main St,Sioux Falls,SD,32825,15771,NM,N,101003
2024,10176,Liberty National Bank of Detroit,Liberty National Bank of Detroit Main,5667 Main St,Detroit,MI,82680,4443138,NM,Y,101004
2024,10176,Liberty National Bank of Detroit,Liberty National Bank of Detroit - Detroit Full Service,2984 Main St,Detroit,MI,44313,2235234,NM,N,101005
2024,10176,Liberty National Bank of Detroit,Liberty National Bank of Detroit - Detroit Full Service,2348 Main St,Detroit,MI,59666,4918668,NM,N,101006
2024,10176,Liberty National Bank of Detroit,Liberty National Bank of Detroit - Detroit Limited Service,5098 Main St,Detroit,MI,69795,5360665,NM,N,101007
2024,10176,Liberty National Bank of Detroit,Liberty National Bank of Detroit - Detroit Limited Service,2907 Main St,Detroit,MI,79065,4825943,NM,N,101008
2024,10176,Liberty National Bank of Detroit,Liberty National Bank of Detroit - Detroit Full Service,2466 Main St,Detroit,MI,27143,1683689,NM,N,101009
2024,10176,Liberty National Bank of Detroit,Liberty National Bank of Detroit - Detroit Full Service,6231 Main St,Detroit,MI,51674,3656501,NM,N,101010
2024,10176,Liberty National Bank of Detroit,Liberty National Bank of Detroit - Detroit Full Service,856 Main St,Detroit,MI,90744,2440303,NM,N,101011
2024,10176,Liberty National Bank of Detroit,Liberty National Bank of Detroit - Detroit Full Service,2534 Main St,Detroit,MI,52949,2649896,NM,N,101012
2024,10176,Liberty National Bank of Detroit,Liberty National Bank of Detroit - Detroit Full Service,4688 Main St,Detroit,MI,26575,4065712,NM,N,101013
2024,10176,Liberty National Bank of Detroit,Liberty National Bank of Detroit - Detroit Full Service,7811 Main St,Detroit,MI,96966,4478872,NM,N,101014
2024,10176,Liberty National Bank of Detroit,Liberty National Bank of Detroit - Detroit Full Service,8442 Main St,Detroit,MI,59055,3555402,NM,N,101015
2024,10176,Liberty National Bank of Detroit,Liberty National Bank of Detroit - Detroit Full Service,5372 Main St,Detroit,MI,59005,3368134,NM,N,101016
2024,10176,Liberty National Bank of Detroit,Liberty National Bank of Detroit - Detroit Full Service,7862 Main St,Detroit,MI,45171,5443592,NM,N,101017
2024,10176,Liberty National Bank of Detroit,Liberty National Bank of Detroit - Detroit Full Service,9667 Main St,Detroit,MI,95162,5297623,NM,N,101018
2024,10177,National Alabama Federal Savings,National Alabama Federal Savings Main,3425 Main St,Birmingham,AL,69255,1421993,SM,Y,101019
2024,10177,National Alabama Federal Savings,National Alabama Federal Savings - Birmingham Limited Service,7063 Main St,Birmingham,AL,59425,1419595,SM,N,101020
2024,10177,National Alabama Federal Savings,National Alabama Federal Savings - Birmingham Limited Service,1488 Main St,Birmingham,AL,27606,1512023,SM,N,101021
2024,10178,National Delaware Banking Group,National Delaware Banking Group Main,5860 Main St,Wilmington,DE,40169,1502810,SB,Y,101022
2024,10178,National Delaware Banking Group,National Delaware Banking Group - Wilmington Limited Service,5611 Main St,Wilmington,DE,65850,1633719,SB,N,101023
2024,10178,National Delaware Banking Group,National Delaware Banking Group - Wilmington Limited Service,6121 Main St,Wilmington,DE,75213,1479626,SB,N,101024
2024,10178,National Delaware Banking Group,National Delaware Banking Group - Wilmington Limited Service,3042 Main St,Wilmington,DE,67892,1382764,SB,N,101025
2024,10179,Citizens Banking Group of Salt Lake City,Citizens Banking Group of Salt Lake City Main,5983 Main St,Salt Lake City,UT,20802,74762,N,Y,101026
2024,10179,Citizens Banking Group of Salt Lake City,Citizens Banking Group of Salt Lake City - Salt Lake City Full Service,1380 Main St,Salt Lake City,UT,46231,64635,N,N,101027
2024,10180,Southern Pennsylvania Banking Group,Southern Pennsylvania Banking Group Main,6002 Main St,Philadelphia,PA,15017,87252,NM,Y,101028
2024,10180,Southern Pennsylvania Banking Group,Southern Pennsylvania Banking Group - Philadelphia Limited Service,5494 Main St,Philadelphia,PA,42771,102322,NM,N,101029
2024,10181,Pioneer Federal Savings of Orlando,Pioneer Federal Savings of Orlando Main,9996 Main St,Miami,FL,28070,5094,SB,Y,101030
2024,10181,Pioneer Federal Savings of Orlando,Pioneer Federal Savings of Orlando - Miami Full Service,4717 Main St,Miami,FL,55433,10729,SB,N,101031
2024,10181,Pioneer Federal Savings of Orlando,Pioneer Federal Savings of Orlando - Miami Limited Service,294 Main St,Miami,FL,71866,11232,SB,N,101032
2024,10182,First Savings Bank of Nashville,First Savings Bank of Nashville Main,3828 Main St,Nashville,TN,39743,172300,SA,Y,101033
2024,10182,First Savings Bank of Nashville,First Savings Bank of Nashville - Nashville Limited Service,9717 Main St,Nashville,TN,82432,81501,SA,N,101034
2024,10182,First Savings Bank of Nashville,First Savings Bank of Nashville - Nashville Full Service,5681 Main St,Nashville,TN,21255,164960,SA,N,101035
2024,10182,First Savings Bank of Nashville,First Savings Bank of Nashville - Nashville Full Service,6943 Main St,Nashville,TN,37470,109538,SA,N,101036
2024,10182,First Savings Bank of Nashville,First Savings Bank of Nashville - Nashville Limited Service,593 Main St,Nashville,TN,59112,170500,SA,N,101037
2024,10183,Sovereign Michigan Federal Bank,Sovereign Michigan Federal Bank Main,258 Main St,Detroit,MI,75509,14408,SA,Y,101038
2024,10183,Sovereign Michigan Federal Bank,Sovereign Michigan Federal Bank - Detroit Limited Service,7074 Main St,Detroit,MI,99884,12602,SA,N,101039
2024,10184,Lake Nebraska National Bank,Lake Nebraska National Bank Main,480 Main St,Omaha,NE,84393,6330,SM,Y,101040
2024,10184,Lake Nebraska National Bank,Lake Nebraska National Bank - Omaha Full Service,5510 Main St,Omaha,NE,84473,4675,SM,N,101041
2024,10184,Lake Nebraska National Bank,Lake Nebraska National Bank - Omaha Limited Service,6500 Main St,Omaha,NE,18350,5160,SM,N,101042
2024,10184,Lake Nebraska National Bank,Lake Nebraska National Bank - Omaha Full Service,5487 Main St,Omaha,NE,84647,7758,SM,N,101043
2024,10185,Citizens Montana Bank & Trust,Citizens Montana Bank & Trust Main,1809 Main St,Billings,MT,98458,83279,SA,Y,101044
2024,10185,Citizens Montana Bank & Trust,Citizens Montana Bank & Trust - Billings Full Service,9985 Main St,Billings,MT,74043,226427,SA,N,101045
2024,10185,Citizens Montana Bank & Trust,Citizens Montana Bank & Trust - Billings Full Service,6422 Main St,Billings,MT,47200,103926,SA,N,101046
2024,10185,Citizens Montana Bank & Trust,Citizens Montana Bank & Trust - Billings Full Service,8691 Main St,Billings,MT,19172,121907,SA,N,101047
2024,10186,Western Michigan National Bank,Western Michigan National Bank Main,280 Main St,Detroit,MI,32521,1111940,SM,Y,101048
2024,10186,Western Michigan National Bank,Western Michigan National Bank - Detroit Limited Service,1914 Main St,Detroit,MI,26926,1147506,SM,N,101049
2024,10186,Western Michigan National Bank,Western Michigan National Bank - Detroit Limited Service,6473 Main St,Detroit,MI,37063,1705131,SM,N,101050
2024,10186,Western Michigan National Bank,Western Michigan National Bank - Detroit Full Service,7878 Main St,Detroit,MI,30811,1018651,SM,N,101051
2024,10186,Western Michigan National Bank,Western Michigan National Bank - Detroit Full Service,7619 Main St,Detroit,MI,46102,849505,SM,N,101052
2024,10186,Western Michigan National Bank,Western Michigan National Bank - Detroit Full Service,7402 Main St,Detroit,MI,18384,2097870,SM,N,101053
2024,10186,Western Michigan National Bank,Western Michigan National Bank - Detroit Full Service,8715 Main St,Detroit,MI,53108,1807177,SM,N,101054
2024,10186,Western Michigan National Bank,Western Michigan National Bank - Detroit Limited Service,740 Main St,Detroit,MI,21941,1260904,SM,N,101055
2024,10186,Western Michigan National Bank,Western Michigan National Bank - Detroit Full Service,7576 Main St,Detroit,MI,55453,1923487,SM,N,101056
2024,10186,Western Michigan National Bank,Western Michigan National Bank - Detroit Limited Service,2969 Main St,Detroit,MI,64401,1499029,SM,N,101057
2024,10186,Western Michigan National Bank,Western Michigan National Bank - Detroit Full Service,7179 Main St,Detroit,MI,70008,1953536,SM,N,101058
2024,10186,Western Michigan National Bank,Western Michigan National Bank - Detroit Full Service,9416 Main St,Detroit,MI,22521,818572,SM,N,101059
2024,10186,Western Michigan National Bank,Western Michigan National Bank - Detroit Full Service,4027 Main St,Detroit,MI,30700,2025961,SM,N,101060
2024,10186,Western Michigan National Bank,Western Michigan National Bank - Detroit Full Service,1193 Main St,Detroit,MI,38476,1379771,SM,N,101061
2024,10186,Western Michigan National Bank,Western Michigan National Bank - Detroit Limited Service,9157 Main St,Detroit,MI,25889,2099937,SM,N,101062
2024,10186,Western Michigan National Bank,Western Michigan National Bank - Detroit Full Service,8364 Main St,Detroit,MI,52731,1724542,SM,N,101063
2024,10186,Western Michigan National Bank,Western Michigan National Bank - Detroit Limited Service,3497 Main St,Detroit,MI,76330,789102,SM,N,101064
2024,10186,Western Michigan National Bank,Western Michigan National Bank - Detroit Limited Service,7667 Main St,Detroit,MI,59958,570318,SM,N,101065
2024,10186,Western Michigan National Bank,Western Michigan National Bank - Detroit Full Service,3285 Main St,Detroit,MI,61992,1160553,SM,N,101066
2024,10186,Western Michigan National Bank,Western Michigan National Bank - Detroit Full Service,2336 Main St,Detroit,MI,52875,924955,SM,N,101067
2024,10186,Western Michigan National Bank,Western Michigan National Bank - Detroit Limited Service,1452 Main St,Detroit,MI,81883,1258784,SM,N,101068
2024,10186,Western Michigan National Bank,Western Michigan National Bank - Detroit Full Service,2397 Main St,Detroit,MI,71707,2032821,SM,N,101069
2024,10187,Community Banking Group of San Francisco,Community Banking Group of San Francisco Main,395 Main St,San Francisco,CA,89559,1922379,NM,Y,101070
2024,10187,Community Banking Group of San Francisco,Community Banking Group of San Francisco - San Francisco Full Service,8859 Main St,San Francisco,CA,61229,2393723,NM,N,101071
2024,10187,Community Banking Group of San Francisco,Community Banking Group of San Francisco - San Francisco Full Service,283 Main St,San Francisco,CA,98785,3832859,NM,N,101072
2024,10187,Community Banking Group of San Francisco,Community Banking Group of San Francisco - San Francisco Full Service,3015 Main St,San Francisco,CA,38399,2952647,NM,N,101073
2024,10187,Community Banking Group of San Francisco,Community Banking Group of San Francisco - San Francisco Full Service,7342 Main St,San Francisco,CA,16259,3302241,NM,N,101074
2024,10187,Community Banking Group of San Francisco,Community Banking Group of San Francisco - San Francisco Limited Service,7374 Main St,San Francisco,CA,16870,3905168,NM,N,101075
2024,10187,Community Banking Group of San Francisco,Community Banking Group of San Francisco - San Francisco Full Service,3405 Main St,San Francisco,CA,42728,4218224,NM,N,101076
2024,10187,Community Banking Group of San Francisco,Community Banking Group of San Francisco - San Francisco Full Service,362 Main St,San Francisco,CA,65270,2034522,NM,N,101077
2024,10187,Community Banking Group of San Francisco,Community Banking Group of San Francisco - San Francisco Full Service,3248 Main St,San Francisco,CA,99123,2557654,NM,N,101078
2024,10187,Community Banking Group of San Francisco,Community Banking Group of San Francisco - San Francisco Full Service,1682 Main St,San Francisco,CA,97046,4929063,NM,N,101079
2024,10187,Community Banking Group of San Francisco,Community Banking Group of San Francisco - San Francisco Full Service,6910 Main St,San Francisco,CA,77174,1908868,NM,N,101080
2024,10187,Community Banking Group of San Francisco,Community Banking Group of San Francisco - San Francisco Limited Service,3205 Main St,San Francisco,CA,91877,2502579,NM,N,101081
2024,10187,Community Banking Group of San Francisco,Community Banking Group of San Francisco - San Francisco Full Service,7110 Main St,San Francisco,CA,25834,2778713,NM,N,101082
2024,10187,Community Banking Group of San Francisco,Community Banking Group of San Francisco - San Francisco Full Service,5398 Main St,San Francisco,CA,32756,1675545,NM,N,101083
2024,10187,Community Banking Group of San Francisco,Community Banking Group of San Francisco - San Francisco Limited Service,296 Main St,San Francisco,CA,61011,3766483,NM,N,101084
2024,10187,Community Banking Group of San Francisco,Community Banking Group of San Francisco - San Francisco Limited Service,4662 Main St,San Francisco,CA,95189,2111241,NM,N,101085
2024,10188,First Maine Savings Bank,First Maine Savings Bank Main,3680 Main St,Portland,ME,63883,4547,N,Y,101086
2024,10188,First Maine Savings Bank,First Maine Savings Bank - Portland Full Service,1768 Main St,Portland,ME,80278,10040,N,N,101087
2024,10188,First Maine Savings Bank,First Maine Savings Bank - Portland Limited Service,9928 Main St,Portland,ME,52513,15578,N,N,101088
2024,10188,First Maine Savings Bank,First Maine Savings Bank - Portland Full Service,2277 Main St,Portland,ME,53522,15162,N,N,101089
2024,10188,First Maine Savings Bank,First Maine Savings Bank - Portland Full Service,5309 Main St,Portland,ME,97342,13199,N,N,101090
2024,10189,Coastal Georgia Community Bank,Coastal Georgia Community Bank Main,9685 Main St,Atlanta,GA,68839,7359,SA,Y,101091
2024,10189,Coastal Georgia Community Bank,Coastal Georgia Community Bank - Atlanta Full Service,3908 Main St,Atlanta,GA,75984,10723,SA,N,101092
2024,10189,Coastal Georgia Community Bank,Coastal Georgia Community Bank - Atlanta Full Service,2132 Main St,Atlanta,GA,50481,3903,SA,N,101093
2024,10189,Coastal Georgia Community Bank,Coastal Georgia Community Bank - Atlanta Full Service,4090 Main St,Atlanta,GA,91233,8387,SA,N,101094
2024,10190,Merchants Bank of San Francisco,Merchants Bank of San Francisco Main,8271 Main St,San Francisco,CA,48877,40110,NM,Y,101095
2024,10191,Community Pennsylvania Trust Company,Community Pennsylvania Trust Company Main,721 Main St,Philadelphia,PA,41203,14235,NM,Y,101096
2024,10191,Community Pennsylvania Trust Company,Community Pennsylvania Trust Company - Philadelphia Full Service,2299 Main St,Philadelphia,PA,46454,24304,NM,N,101097
2024,10192,Trust Tennessee Financial,Trust Tennessee Financial Main,6897 Main St,Nashville,TN,94940,24404,NM,Y,101098
2024,10192,Trust Tennessee Financial,Trust Tennessee Financial - Nashville Full Service,5527 Main St,Nashville,TN,54922,16065,NM,N,101099
2024,10192,Trust Tennessee Financial,Trust Tennessee Financial - Nashville Full Service,4168 Main St,Nashville,TN,39156,24931,NM,N,101100
2024,10193,Coastal Washington Trust Company,Coastal Washington Trust Company Main,3107 Main St,Seattle,WA,67981,42322,SA,Y,101101
2024,10193,Coastal Washington Trust Company,Coastal Washington Trust Company - Seattle Full Service,1246 Main St,Seattle,WA,35226,59571,SA,N,101102
2024,10193,Coastal Washington Trust Company,Coastal Washington Trust Company - Seattle Full Service,3445 Main St,Seattle,WA,26457,65619,SA,N,101103
2024,10193,Coastal Washington Trust Company,Coastal Washington Trust Company - Seattle Full Service,3448 Main St,Seattle,WA,40973,45845,SA,N,101104
2024,10193,Coastal Washington Trust Company,Coastal Washington Trust Company - Seattle Limited Service,5203 Main St,Seattle,WA,31516,52398,SA,N,101105
2024,10194,Community Colorado Financial,Community Colorado Financial Main,4179 Main St,Denver,CO,49728,22561,NM,Y,101106
2024,10194,Community Colorado Financial,Community Colorado Financial - Denver Full Service,3399 Main St,Denver,CO,45633,23283,NM,N,101107
2024,10195,Lake National Bank of Hartford,Lake National Bank of Hartford Main,5991 Main St,Hartford,CT,62198,785405,SB,Y,101108
2024,10195,Lake National Bank of Hartford,Lake National Bank of Hartford - Hartford Full Service,7025 Main St,Hartford,CT,76229,491691,SB,N,101109
2024,10195,Lake National Bank of Hartford,Lake National Bank of Hartford - Hartford Full Service,7997 Main St,Hartford,CT,12596,705045,SB,N,101110
2024,10195,Lake National Bank of Hartford,Lake National Bank of Hartford - Hartford Limited Service,5018 Main St,Hartford,CT,88011,726105,SB,N,101111
2024,10195,Lake National Bank of Hartford,Lake National Bank of Hartford - Hartford Full Service,4315 Main St,Hartford,CT,59866,648201,SB,N,101112
2024,10195,Lake National Bank of Hartford,Lake National Bank of Hartford - Hartford Limited Service,6246 Main St,Hartford,CT,83681,481228,SB,N,101113
2024,10195,Lake National Bank of Hartford,Lake National Bank of Hartford - Hartford Full Service,7788 Main St,Hartford,CT,35652,407620,SB,N,101114
2024,10195,Lake National Bank of Hartford,Lake National Bank of Hartford - Hartford Full Service,8303 Main St,Hartford,CT,59054,206397,SB,N,101115
2024,10195,Lake National Bank of Hartford,Lake National Bank of Hartford - Hartford Limited Service,6565 Main St,Hartford,CT,58908,769920,SB,N,101116
2024,10195,Lake National Bank of Hartford,Lake National Bank of Hartford - Hartford Limited Service,9738 Main St,Hartford,CT,19336,392073,SB,N,101117
2024,10196,Trust Bank of Charleston,Trust Bank of Charleston Main,2139 Main St,Charleston,WV,60439,1106416,N,Y,101118
2024,10196,Trust Bank of Charleston,Trust Bank of Charleston - Charleston Full Service,4282 Main St,Charleston,WV,55688,914875,N,N,101119
2024,10196,Trust Bank of Charleston,Trust Bank of Charleston - Charleston Full Service,1045 Main St,Charleston,WV,95315,852735,N,N,101120
2024,10196,Trust Bank of Charleston,Trust Bank of Charleston - Charleston Limited Service,4070 Main St,Charleston,WV,72616,892103,N,N,101121
2024,10196,Trust Bank of Charleston,Trust Bank of Charleston - Charleston Limited Service,562 Main St,Charleston,WV,97251,804719,N,N,101122
2024,10196,Trust Bank of Charleston,Trust Bank of Charleston - Charleston Limited Service,2514 Main St,Charleston,WV,43330,783425,N,N,101123
2024,10196,Trust Bank of Charleston,Trust Bank of Charleston - Charleston Full Service,2744 Main St,Charleston,WV,11617,760814,N,N,101124
2024,10196,Trust Bank of Charleston,Trust Bank of Charleston - Charleston Full Service,6397 Main St,Charleston,WV,62122,815939,N,N,101125
2024,10196,Trust Bank of Charleston,Trust Bank of Charleston - Charleston Full Service,7029 Main St,Charleston,WV,31734,1037548,N,N,101126
2024,10197,Western Community Bank of Lexington,Western Community Bank of Lexington Main,8302 Main St,Louisville,KY,79887,20717,N,Y,101127
2024,10197,Western Community Bank of Lexington,Western Community Bank of Lexington - Louisville Full Service,6843 Main St,Louisville,KY,21648,12960,N,N,101128
2024,10197,Western Community Bank of Lexington,Western Community Bank of Lexington - Louisville Full Service,5742 Main St,Louisville,KY,28705,18308,N,N,101129
2024,10197,Western Community Bank of Lexington,Western Community Bank of Lexington - Louisville Full Service,6620 Main St,Louisville,KY,50383,10970,N,N,101130
2024,10198,First South Carolina Trust Company,First South Carolina Trust Company Main,125 Main St,Columbia,SC,22697,715739,N,Y,101131
2024,10198,First South Carolina Trust Company,First South Carolina Trust Company - Columbia Full Service,6929 Main St,Columbia,SC,95789,467629,N,N,101132
2024,10198,First South Carolina Trust Company,First South Carolina Trust Company - Columbia Full Service,2990 Main St,Columbia,SC,59106,475790,N,N,101133
2024,10199,Patriot Banking Group of New York,Patriot Banking Group of New York Main,3081 Main St,New York,NY,75878,9929,SB,Y,101134
2024,10199,Patriot Banking Group of New York,Patriot Banking Group of New York - New York Limited Service,3582 Main St,New York,NY,34331,16826,SB,N,101135
2024,10200,Pacific Vermont Financial,Pacific Vermont Financial Main,3243 Main St,Burlington,VT,43993,467442,SM,Y,101136
2024,10200,Pacific Vermont Financial,Pacific Vermont Financial - Burlington Limited Service,1889 Main St,Burlington,VT,93418,414331,SM,N,101137
2024,10201,First MS Community Bank,First MS Community Bank Main,6288 Main St,Jackson,MS,26342,116372,NM,Y,101138
2024,10201,First MS Community Bank,First MS Community Bank - Jackson Full Service,9695 Main St,Jackson,MS,40773,125479,NM,N,101139
2023,10123,Southern Bank of New York,Southern Bank of New York - Branch 1,7586 Oak Ave,New York,NY,62665,216199,NM,Y,101140
2023,10123,Southern Bank of New York,Southern Bank of New York - Branch 2,2375 Oak Ave,New York,NY,13365,216199,NM,N,101141
2023,10125,Liberty Pennsylvania Savings Bank,Liberty Pennsylvania Savings Bank - Branch 1,9961 Oak Ave,Philadelphia,PA,26108,278213366,NM,Y,101142
2023,10125,Liberty Pennsylvania Savings Bank,Liberty Pennsylvania Savings Bank - Branch 2,8793 Oak Ave,Philadelphia,PA,46630,278213366,NM,N,101143
2023,10125,Liberty Pennsylvania Savings Bank,Liberty Pennsylvania Savings Bank - Branch 3,4172 Oak Ave,Philadelphia,PA,58290,278213366,NM,N,101144
2023,10125,Liberty Pennsylvania Savings Bank,Liberty Pennsylvania Savings Bank - Branch 4,7504 Oak Ave,Philadelphia,PA,91048,278213366,NM,N,101145
2023,10125,Liberty Pennsylvania Savings Bank,Liberty Pennsylvania Savings Bank - Branch 5,7885 Oak Ave,Philadelphia,PA,77490,278213366,NM,N,101146
2023,10173,Commerce Financial of Hartford,Commerce Financial of Hartford - Branch 1,6868 Oak Ave,Hartford,CT,96537,9332,SA,Y,101147
2023,10173,Commerce Financial of Hartford,Commerce Financial of Hartford - Branch 2,3179 Oak Ave,Hartford,CT,10410,9332,SA,N,101148
2023,10195,Lake National Bank of Hartford,Lake National Bank of Hartford - Branch 1,5378 Oak Ave,Hartford,CT,12179,2344165,SB,Y,101149
2023,10195,Lake National Bank of Hartford,Lake National Bank of Hartford - Branch 2,6001 Oak Ave,Hartford,CT,15997,2344165,SB,N,101150
2023,10026,National DC Bank & Trust,National DC Bank & Trust - Branch 1,5433 Oak Ave,Washington,DC,98857,569784,SB,Y,101151
2023,10026,National DC Bank & Trust,National DC Bank & Trust - Branch 2,7379 Oak Ave,Washington,DC,40612,569784,SB,N,101152
2023,10003,Wells Fargo Bank N.A.,Wells Fargo Bank N.A. - Branch 1,8038 Oak Ave,Sioux Falls,SD,62450,214946292,N,Y,101153
2023,10003,Wells Fargo Bank N.A.,Wells Fargo Bank N.A. - Branch 2,1433 Oak Ave,Sioux Falls,SD,55656,214946292,N,N,101154
2023,10003,Wells Fargo Bank N.A.,Wells Fargo Bank N.A. - Branch 3,7110 Oak Ave,Sioux Falls,SD,72406,214946292,N,N,101155
2023,10003,Wells Fargo Bank N.A.,Wells Fargo Bank N.A. - Branch 4,1745 Oak Ave,Sioux Falls,SD,60444,214946292,N,N,101156
2023,10003,Wells Fargo Bank N.A.,Wells Fargo Bank N.A. - Branch 5,4914 Oak Ave,Sioux Falls,SD,89583,214946292,N,N,101157
2023,10016,Federal Financial of Atlanta,Federal Financial of Atlanta - Branch 1,3296 Oak Ave,Atlanta,GA,28764,18697,SA,Y,101158
2023,10016,Federal Financial of Atlanta,Federal Financial of Atlanta - Branch 2,8620 Oak Ave,Atlanta,GA,84959,18697,SA,N,101159
2023,10069,United Trust Company of New Orleans,United Trust Company of New Orleans - Branch 1,8367 Oak Ave,New Orleans,LA,14160,358815,N,Y,101160
2023,10069,United Trust Company of New Orleans,United Trust Company of New Orleans - Branch 2,2194 Oak Ave,New Orleans,LA,75264,358815,N,N,101161
2023,10193,Coastal Washington Trust Company,Coastal Washington Trust Company - Branch 1,1526 Oak Ave,Seattle,WA,49498,94896,SA,Y,101162
2023,10193,Coastal Washington Trust Company,Coastal Washington Trust Company - Branch 2,9090 Oak Ave,Seattle,WA,71184,94896,SA,N,101163
2023,10002,Bank of America N.A.,Bank of America N.A. - Branch 1,2853 Oak Ave,Charlotte,NC,68495,365994615,N,Y,101164
2023,10002,Bank of America N.A.,Bank of America N.A. - Branch 2,1995 Oak Ave,Charlotte,NC,73198,365994615,N,N,101165
2023,10002,Bank of America N.A.,Bank of America N.A. - Branch 3,8958 Oak Ave,Charlotte,NC,41575,365994615,N,N,101166
2023,10002,Bank of America N.A.,Bank of America N.A. - Branch 4,4087 Oak Ave,Charlotte,NC,37740,365994615,N,N,101167
2023,10002,Bank of America N.A.,Bank of America N.A. - Branch 5,2892 Oak Ave,Charlotte,NC,96474,365994615,N,N,101168
2023,10171,Southern Financial of Fort Wayne,Southern Financial of Fort Wayne - Branch 1,1565 Oak Ave,Fort Wayne,IN,23824,7732704,SB,Y,101169
2023,10171,Southern Financial of Fort Wayne,Southern Financial of Fort Wayne - Branch 2,7225 Oak Ave,Fort Wayne,IN,13830,7732704,SB,N,101170
2023,10150,Plains Nevada Trust Company,Plains Nevada Trust Company - Branch 1,2725 Oak Ave,Las Vegas,NV,52795,194849,N,Y,101171
2023,10150,Plains Nevada Trust Company,Plains Nevada Trust Company - Branch 2,6383 Oak Ave,Las Vegas,NV,46747,194849,N,N,101172
2023,10011,Western Oregon Federal Savings,Western Oregon Federal Savings - Branch 1,3710 Oak Ave,Portland,OR,43767,32720,N,Y,101173
2023,10011,Western Oregon Federal Savings,Western Oregon Federal Savings - Branch 2,7903 Oak Ave,Portland,OR,97897,32720,N,N,101174
2023,10025,First Savings Bank of Little Rock,First Savings Bank of Little Rock - Branch 1,2116 Oak Ave,Little Rock,AR,97225,135877,N,Y,101175
2023,10025,First Savings Bank of Little Rock,First Savings Bank of Little Rock - Branch 2,2324 Oak Ave,Little Rock,AR,80063,135877,N,N,101176
2023,10055,Sovereign Federal Bank of Boise,Sovereign Federal Bank of Boise - Branch 1,8160 Oak Ave,Boise,ID,21854,856937,N,Y,101177
2023,10055,Sovereign Federal Bank of Boise,Sovereign Federal Bank of Boise - Branch 2,5552 Oak Ave,Boise,ID,39334,856937,N,N,101178
2023,10134,National Utah Financial,National Utah Financial - Branch 1,9536 Oak Ave,Salt Lake City,UT,88732,652907,SB,Y,101179
2023,10134,National Utah Financial,National Utah Financial - Branch 2,1159 Oak Ave,Salt Lake City,UT,94408,652907,SB,N,101180
2023,10192,Trust Tennessee Financial,Trust Tennessee Financial - Branch 1,5723 Oak Ave,Nashville,TN,59415,32855,NM,Y,101181
2023,10192,Trust Tennessee Financial,Trust Tennessee Financial - Branch 2,6352 Oak Ave,Nashville,TN,95710,32855,NM,N,101182
2023,10097,Pacific Trust Company of Cheyenne,Pacific Trust Company of Cheyenne - Branch 1,9306 Oak Ave,Cheyenne,WY,67273,10370,SM,Y,101183
2023,10097,Pacific Trust Company of Cheyenne,Pacific Trust Company of Cheyenne - Branch 2,3923 Oak Ave,Cheyenne,WY,39301,10370,SM,N,101184
2023,10155,Pacific National Bank of Indianapolis,Pacific National Bank of Indianapolis - Branch 1,4344 Oak Ave,Indianapolis,IN,25163,148833,N,Y,101185
2023,10155,Pacific National Bank of Indianapolis,Pacific National Bank of Indianapolis - Branch 2,4867 Oak Ave,Indianapolis,IN,21492,148833,N,N,101186
2023,10186,Western Michigan National Bank,Western Michigan National Bank - Branch 1,1924 Oak Ave,Grand Rapids,MI,21683,13358349,SM,Y,101187
2023,10186,Western Michigan National Bank,Western Michigan National Bank - Branch 2,5674 Oak Ave,Grand Rapids,MI,87620,13358349,SM,N,101188
2023,10194,Community Colorado Financial,Community Colorado Financial - Branch 1,3182 Oak Ave,Denver,CO,25218,22839,NM,Y,101189
2023,10194,Community Colorado Financial,Community Colorado Financial - Branch 2,9485 Oak Ave,Denver,CO,58200,22839,NM,N,101190
2023,10200,Pacific Vermont Financial,Pacific Vermont Financial - Branch 1,2187 Oak Ave,Burlington,VT,51074,330831,SM,Y,101191
2023,10200,Pacific Vermont Financial,Pacific Vermont Financial - Branch 2,6329 Oak Ave,Burlington,VT,85617,330831,SM,N,101192
2023,10122,Atlantic Financial of Tulsa,Atlantic Financial of Tulsa - Branch 1,127 Oak Ave,Tulsa,OK,50737,37413,N,Y,101193
2023,10122,Atlantic Financial of Tulsa,Atlantic Financial of Tulsa - Branch 2,1113 Oak Ave,Tulsa,OK,87340,37413,N,N,101194
2023,10087,Capital Savings Bank of Tucson,Capital Savings Bank of Tucson - Branch 1,8875 Oak Ave,Tucson,AZ,34885,244695,NM,Y,101195
2023,10087,Capital Savings Bank of Tucson,Capital Savings Bank of Tucson - Branch 2,6459 Oak Ave,Tucson,AZ,65535,244695,NM,N,101196
2023,10183,Sovereign Michigan Federal Bank,Sovereign Michigan Federal Bank - Branch 1,5337 Oak Ave,Grand Rapids,MI,57844,17289,SA,Y,101197
2023,10183,Sovereign Michigan Federal Bank,Sovereign Michigan Federal Bank - Branch 2,2169 Oak Ave,Grand Rapids,MI,78124,17289,SA,N,101198
2023,10110,Atlantic Trust Company of Oklahoma City,Atlantic Trust Company of Oklahoma City - Branch 1,9956 Oak Ave,Oklahoma City,OK,87434,155942,SA,Y,101199
2023,10110,Atlantic Trust Company of Oklahoma City,Atlantic Trust Company of Oklahoma City - Branch 2,3739 Oak Ave,Oklahoma City,OK,23970,155942,SA,N,101200
2023,10178,National Delaware Banking Group,National Delaware Banking Group - Branch 1,6576 Oak Ave,Wilmington,DE,11204,2962451,SB,Y,101201
2023,10178,National Delaware Banking Group,National Delaware Banking Group - Branch 2,8919 Oak Ave,Wilmington,DE,70372,2962451,SB,N,101202
2023,10095,Sovereign Bank & Trust of Worcester,Sovereign Bank & Trust of Worcester - Branch 1,5276 Oak Ave,Worcester,MA,28966,26968005,NM,Y,101203
2023,10095,Sovereign Bank & Trust of Worcester,Sovereign Bank & Trust of Worcester - Branch 2,4963 Oak Ave,Worcester,MA,38692,26968005,NM,N,101204
2023,10088,River Iowa Federal Savings,River Iowa Federal Savings - Branch 1,8289 Oak Ave,Des Moines,IA,99126,3014048,SA,Y,101205
2023,10088,River Iowa Federal Savings,River Iowa Federal Savings - Branch 2,7567 Oak Ave,Des Moines,IA,29323,3014048,SA,N,101206
2023,10081,Mountain Banking Group of San Antonio,Mountain Banking Group of San Antonio - Branch 1,9954 Oak Ave,San Antonio,TX,47144,230080,SM,Y,101207
2023,10081,Mountain Banking Group of San Antonio,Mountain Banking Group of San Antonio - Branch 2,2489 Oak Ave,San Antonio,TX,97208,230080,SM,N,101208
2023,10062,Sovereign Federal Bank of San Francisco,Sovereign Federal Bank of San Francisco - Branch 1,662 Oak Ave,San Francisco,CA,88496,1990919,SB,Y,101209
2023,10062,Sovereign Federal Bank of San Francisco,Sovereign Federal Bank of San Francisco - Branch 2,5345 Oak Ave,San Francisco,CA,50487,1990919,SB,N,101210
2023,10093,Southern Financial of Columbus,Southern Financial of Columbus - Branch 1,8330 Oak Ave,Columbus,OH,26182,29187,N,Y,101211
2023,10093,Southern Financial of Columbus,Southern Financial of Columbus - Branch 2,4580 Oak Ave,Columbus,OH,85231,29187,N,N,101212
2023,10103,Valley Delaware Trust Company,Valley Delaware Trust Company - Branch 1,7936 Oak Ave,Wilmington,DE,92716,20245,NM,Y,101213
2023,10103,Valley Delaware Trust Company,Valley Delaware Trust Company - Branch 2,3634 Oak Ave,Wilmington,DE,74883,20245,NM,N,101214
2023,10184,Lake Nebraska National Bank,Lake Nebraska National Bank - Branch 1,4875 Oak Ave,Lincoln,NE,59375,14720,SM,Y,101215
2023,10184,Lake Nebraska National Bank,Lake Nebraska National Bank - Branch 2,1063 Oak Ave,Lincoln,NE,53665,14720,SM,N,101216
2023,10157,Liberty Community Bank of Colorado Springs,Liberty Community Bank of Colorado Springs - Branch 1,2601 Oak Ave,Colorado Springs,CO,37605,468687874,N,Y,101217
2023,10157,Liberty Community Bank of Colorado Springs,Liberty Community Bank of Colorado Springs - Branch 2,3787 Oak Ave,Colorado Springs,CO,16889,468687874,N,N,101218
2023,10157,Liberty Community Bank of Colorado Springs,Liberty Community Bank of Colorado Springs - Branch 3,3033 Oak Ave,Colorado Springs,CO,73898,468687874,N,N,101219
2023,10157,Liberty Community Bank of Colorado Springs,Liberty Community Bank of Colorado Springs - Branch 4,6519 Oak Ave,Colorado Springs,CO,49203,468687874,N,N,101220
2023,10157,Liberty Community Bank of Colorado Springs,Liberty Community Bank of Colorado Springs - Branch 5,2708 Oak Ave,Colorado Springs,CO,12826,468687874,N,N,101221
2023,10015,Sovereign Savings Bank of Stamford,Sovereign Savings Bank of Stamford - Branch 1,9077 Oak Ave,Stamford,CT,61417,2119761,N,Y,101222
2023,10015,Sovereign Savings Bank of Stamford,Sovereign Savings Bank of Stamford - Branch 2,5628 Oak Ave,Stamford,CT,65369,2119761,N,N,101223
2023,10092,Northern Banking Group of Stamford,Northern Banking Group of Stamford - Branch 1,7856 Oak Ave,Stamford,CT,55653,33978,NM,Y,101224
2023,10092,Northern Banking Group of Stamford,Northern Banking Group of Stamford - Branch 2,6512 Oak Ave,Stamford,CT,61257,33978,NM,N,101225
2023,10085,United Texas Trust Company,United Texas Trust Company - Branch 1,1276 Oak Ave,Houston,TX,79185,87038,SA,Y,101226
2023,10085,United Texas Trust Company,United Texas Trust Company - Branch 2,4737 Oak Ave,Houston,TX,47010,87038,SA,N,101227
2023,10197,Western Community Bank of Lexington,Western Community Bank of Lexington - Branch 1,3296 Oak Ave,Lexington,KY,81828,30986,N,Y,101228
2023,10197,Western Community Bank of Lexington,Western Community Bank of Lexington - Branch 2,6551 Oak Ave,Lexington,KY,22755,30986,N,N,101229
2023,10001,JPMorgan Chase Bank N.A.,JPMorgan Chase Bank N.A. - Branch 1,2244 Oak Ave,Columbus,OH,52391,474644318,N,Y,101230
2023,10001,JPMorgan Chase Bank N.A.,JPMorgan Chase Bank N.A. - Branch 2,9609 Oak Ave,Columbus,OH,17094,474644318,N,N,101231
2023,10001,JPMorgan Chase Bank N.A.,JPMorgan Chase Bank N.A. - Branch 3,5081 Oak Ave,Columbus,OH,69969,474644318,N,N,101232
2023,10001,JPMorgan Chase Bank N.A.,JPMorgan Chase Bank N.A. - Branch 4,2781 Oak Ave,Columbus,OH,85649,474644318,N,N,101233
2023,10001,JPMorgan Chase Bank N.A.,JPMorgan Chase Bank N.A. - Branch 5,2353 Oak Ave,Columbus,OH,67918,474644318,N,N,101234
